U,9622788
9796,1987760
4072,44911
9606,1236830
109376,47791
1280,58601
1163730,18
91835,8140
618,25
3885,9938
3914,74224
28132,18047
3218,9855
3711,85144
1654,145
59843,8
35885,8116
49274,4458
1462606,15891
216934,55
3880,11072
1437010,12525
158386,16390
131567,79634
2759,53655
4686,14385
29760,8881
320371,2867
651182,49
28131,21181
1458253,198
4182,6323
49451,17891
72407,16424
3664,101764
39778,10602
71275,14745
3633,17837
3635,10980
3694,8607
305,3191
4232,22798
1437201,16200
3750,8202
2507538,41
138,84
3983,8202
3708,9717
1386,893
199,482
4558,6071
3871,13262
289377,38
28526,11884
4081,12177
102107,3075
3817,21966
80840,46
1302,261
838,7779
976,933
1789224,46
79200,10641
33090,59
1316254,1915
3821,13268
3555,8772
163735,960
91347,233
101020,3425
3913,1639
3469,22102
521095,2527
39777,19465
2713414,81
56107,72
2711,6304
33033,167
36822,20
469,327
59895,11664
4577,9807
1360,79
1750719,53
3193,1184
28129,2418
712633,2787
76123,1311
44283,28588
1884263,727
1177574,34234
617123,1371
575614,2229
29466,5677
210225,6351
1660067,63
1437183,19183
15368,3178
49369,2743
1904640,5
29729,7950
134287,45
1895827,163
5478,185
326968,8443
51953,16206
32067,616
130454,811
485,7217
28188,124
831,87
332648,1126
3917,10384
1,12543
29730,8434
266,5
212717,1
4615,5865
767031,1019
1236517,4976
358681,15
44249,192
1922217,257
1674146,21
28135,7604
672,108
28119,208
758,68
303,111
680646,737
983545,27
713059,155
2520506,43
2153354,27
4734,162
97700,18621
1236518,6762
250,201
3827,11495
3705,10186
208962,66
120683,389
2487118,52
1534,285
365659,575
34105,115
3818,4468
361101,42
237561,392
2578107,347
2594004,110
166122,2795
3659,7527
641149,239
28037,2378
1493872,125
22663,7855
3702,2730
754423,110
2005460,512
2,5162
1496,509
3483,10166
927704,86
28087,115
201,97
3848,2152
214687,5903
2144175,231
1125411,11
2638727,106
732,219
29465,1559
49546,650
39948,82
347253,326
756892,73
1491,1060
908937,554
281093,5
1283,1940
33154,742
134534,21
1536771,20
90675,9670
1054460,625
219745,23
1338,85
1428,304
3847,2008
713030,2537
13443,5278
1122984,855
1380566,240
1485,776
1163745,36
1517,64
1682,9
715451,25
130453,4404
2490633,87
3641,6060
1303,272
330879,151
86416,173
28197,145
374,52
479834,3
1849491,42
718,61
433296,36
1335,82
1064592,394
1071381,326
147429,368
2207,75
1660,4815
47671,426
13442,5772
573,113
931626,62
104268,73
2321108,92
248315,1005
1071380,399
229533,185
1137606,53
329854,157
1297793,78
417368,49
2593542,32
74649,5854
2631981,15
1196325,380
2478552,144
391592,81
641107,252
3760,3604
97084,46
2133944,312
28251,111
1520,251
729,1441
43675,1500
2017483,48
430522,120
3916,8961
4555,3535
2493639,127
28449,2364
2637378,1890
1304,431
1224,805
1279085,224
1978339,10
760142,34
480520,55
546269,104
51515,41
86332,112
83564,51
1301,2544
91836,515
482,644
208596,53
224324,22
2490635,8
523794,298
1760,476
2020313,5
1973485,50
36870,30
206008,3921
632518,35
1300343,28
84566,63
1500960,55
75985,136
4069,1018
1309,86
751945,27
682956,18
408015,13
334819,211
145260,15
455632,13
717610,53
1218801,111
1519,150
655015,5
712528,921
4479,411
1737490,63
629,97
986,156
2583993,101
1048332,32
572511,67
4533,6084
984262,55
171549,902
39947,4538
158850,43
848,473
2048654,97
2500547,106
22,142
279808,6
523846,42
367775,114
1637,51
1235990,44
484,617
45634,87
67082,2810
640030,30
1077946,19
330922,10
1267021,60
1505,170
2057025,68
1458355,10
997877,73
1703343,59
157687,2571
1276259,32
1228987,55
264201,36
95818,2653
173,101
146474,24
371601,79
817,586
28200,60
367110,431
1071378,366
1290,113
1987580,38
47466,107
254247,26
837,354
2593645,70
712357,870
4956,149
104955,12
2748,104
33964,52
889201,60
195,83
157,76
1912871,88
1578,304
331648,50
706439,144
2588536,39
43348,5
1825976,16
1307443,95
727,304
889378,8
189381,100
96942,24
2662361,10
65093,33
157688,211
1453352,35
112234,103
2518979,12
1433513,357
671990,9
4527,78
314260,8
366602,12
375288,118
544,94
171279,57
545695,35
241244,56
679937,201
1243,52
613,158
1279,378
1260,17
402297,6
145261,6
525919,51
373994,121
470,219
712538,2922
204,173
1490,143
2112,60
356837,4
1196031,80
107401,95
2607662,29
754,45
40576,40
1071085,29
2320868,185
203124,163
1084719,17
2572088,319
315358,48
2148,46
147369,111
354276,78
3745,58
216432,73
816,631
1826872,66
141451,29
136609,7
573826,548
1548,140
186803,143
1454205,51
1144748,19
59202,11
75984,54
201174,41
286,419
167879,56
487,185
167542,53
76857,329
1655,43
2662363,34
67824,14
1191300,23
573061,155
4070,233
2173169,44
927666,141
2683967,43
2126553,67
57665,30
182773,124
1347342,87
1209989,52
41875,176
2587862,36
1458465,21
47879,8
1504,169
87883,12
436515,15
63,10
2546350,9
754417,87
2135430,24
1293412,29
661478,11
1714860,151
1467,88
1912,16
2172103,23
1941349,15
578455,259
944547,98
1510150,14
735,291
627344,11
48003,42
360104,772
113107,275
2304686,3
10662,11
155866,15
1400387,32
1921565,31
1288,132
273068,38
247,164
1273738,6
69220,6
284592,213
148305,344
2015076,97
2663009,669
1561003,40
1851395,18
48736,27
3398,820
416,12
162209,38
1032241,49
1221522,10
1714848,120
1539298,477
91888,1481
76859,228
1337936,41
1465,194
687861,16
186817,218
446470,24
2686361,107
1045858,104
1883414,13
2069432,67
4909,154
47770,26
2638829,57
1848904,92
700015,9
877455,52
716928,11
1717717,139
1867715,9
106649,67
99598,74
2283318,15
214888,38
63737,52
1215089,36
1404864,14
1267562,9
2527983,4
266749,93
59241,38
86661,753
1305,325
56646,187
2598453,356
888057,161
1550579,67
68209,23
1261031,61
28196,141
712122,59
1241982,58
1266845,33
235443,94
207745,9
2047,85
1547898,2
71274,1241
693979,152
1137095,47
1216932,143
2589797,60
1484118,19
1697053,16
1128398,140
56455,5
2602769,82
469617,111
1175631,38
1017,505
28118,147
46680,14
264731,478
1312072,119
2570561,109
716,82
179408,48
1945892,105
1541959,41
2619626,136
34085,244
269673,42
1789762,56
469616,96
996801,146
959,42
484019,72
2718,67
1245,62
152268,90
2160,37
317936,59
225992,16
2111,33
2562451,38
1288971,96
1660074,6
242507,214
172045,87
482462,52
2287,47
91061,223
1969841,382
1656,130
2496865,60
536227,154
401614,3
28038,45
155077,33
190895,36
1221500,52
213849,13
438,28
1898474,46
404380,17
1907575,7
1882832,27
856,223
2572594,54
1176587,66
52773,688
398053,31
289376,37
1940789,15
68214,20
880071,168
83655,32
931276,105
13035,28
449468,12
106589,158
1150469,11
2231393,1022
1267423,75
511,61
645,32
1249933,74
147802,58
33962,30
3754,1053
862965,1470
106592,21
2627627,1
2507159,104
450851,2
1617448,106
717959,27
1914461,14
1476888,8
40215,60
1299,10
2599308,107
1628392,14
1340,80
546271,1664
572479,75
324057,43
311402,9
1964448,36
1427984,27
1870984,49
2094,49
266748,77
1355330,129
371142,77
585529,9
1798806,53
29380,77
1309807,13
51663,28
1428454,30
587,88
1348623,14
1492,379
1032239,38
1552,198
795665,17
436017,26
82380,11
1313,1352
2120,30
2213194,64
2317,69
1827580,11
226186,39
2058135,76
2029983,46
1296540,33
760570,114
1879050,77
2637901,37
495,204
1435069,40
1502,599
2578106,102
1302659,43
1441095,58
2683272,76
2341117,73
1784719,11
155920,3
580165,111
1416627,10
484770,74
304207,13
1827,71
866536,92
403957,52
28072,66
1300914,80
1790137,88
1967783,8
2567941,100
1883,344
1562970,105
2609248,24
327575,52
1578925,386
521010,26
1307,246
712368,1296
2005456,76
45243,60
479832,23
699246,16
2489595,54
548,54
953,68
662,225
1248727,4
1671680,9
1811807,13
338969,12
2545632,16
450378,8
353852,37
2054173,32
999432,30
1241981,103
47735,73
701042,7
726,453
2520507,22
1785996,635
1393,70
426428,272
497965,86
2696063,149
1457365,25
2605747,83
1241979,59
2528030,17
47883,22
1229726,41
2487064,68
180957,24
12916,16
759273,525
342108,18
663365,78
526991,967
526969,6
683837,24
2571750,33
91892,6
1196095,106
2663022,77
2604421,44
1354,62
1147,23
584,185
935293,20
1254,56
1214242,26
889453,107
79604,4
349215,9
491916,3
296587,78
246787,191
2571030,62
1590,85
183417,51
82654,25
767817,62
477680,64
553151,9
40324,86
1051631,259
108981,66
1639,171
417,11
1871047,86
2588449,19
298656,21
970,32
1805933,24
29521,44
2642459,32
272557,7
61652,24
1783272,384
2681986,15
443143,13
1536772,22
314275,53
1155739,15
1973484,2
664683,8
53246,214
945,29
2358479,91
382245,1
332101,125
2564040,33
1123384,14
58346,10
411154,80
1384061,4
1547445,74
1561,148
1434111,52
2507161,95
189834,159
309799,60
1902136,184
284811,68
186802,170
93973,33
1080349,180
157692,152
2576307,138
2058137,154
687,34
1239,654
2508687,49
1236,626
1192197,97
2698684,9
33905,5
28112,103
1923247,2
1211579,4
35554,17
1501,174
2483110,94
1550240,77
1014,56
859,77
1104322,20
1565991,62
2479767,76
41899,8
1704499,16
1794699,41
1385,194
708131,12
53346,87
1535326,13
2593658,70
1580,44
717231,37
1433126,57
797291,58
2594042,130
45398,19
882378,12
294699,17
2713573,102
1891186,42
1452,61
712991,102
43080,48
119219,49
1333848,2
1125,56
861,113
28985,167
649349,47
1265445,48
670,129
252967,70
1685010,101
1718,19
665913,6
718192,58
1581,22
1582259,27
536019,10
308865,171
246,99
1080223,106
2594269,78
2597702,9
210,300
556054,7
1742359,106
114885,46
592029,75
1973478,107
663,46
1598147,14
758793,7
362948,11
2033437,49
1587,41
2049332,31
1415775,72
269798,77
2604941,20
218208,34
29430,98
1016,176
446471,9
39488,80
48296,92
2585117,58
712,350
263,49
725,11
1094466,117
225848,70
1162,145
525898,29
140,62
191610,7
215578,43
262,112
2493674,6
572544,83
2756,92
1404245,4
41675,35
198,35
178339,231
1314,120
28116,255
499174,362
1850246,107
122368,121
1432056,107
85007,49
2601668,32
1094489,20
1581557,50
1749074,31
1070130,37
2498848,12
851,187
32021,36
1586287,19
709032,36
54005,63
1071383,106
744872,28
2482728,79
2704463,31
2583375,30
238,90
1661694,6
402881,6
257314,9
2703789,69
1150389,106
2493672,5
4896,243
1967,15
1291742,49
2653857,17
2303485,2
983548,43
59732,357
2686359,45
388919,95
2325,45
1513,122
698776,87
1973480,93
2672569,9
2113,52
628,46
2584944,7
1863007,1
1759399,117
1352,196
33940,27
2609668,22
1552759,8
785,35
249188,196
1019,141
73918,14
488,617
1505597,29
754476,12
1796921,20
1736675,13
617121,22
2530390,74
651561,72
163877,66
2201181,88
724,287
522772,40
29449,5
1379,449
909768,55
300,31
2527976,19
1402861,97
1508404,43
446,265
472569,11
1424653,25
421767,97
73422,12
642,60
570,98
76856,109
2052837,53
212767,15
2175,7
1874362,29
2702,64
907,216
1758189,29
2057808,110
264697,41
1296990,11
1354275,11
1229621,60
301301,55
29347,53
2049305,87
1424294,101
1903412,8
209,17
634500,12
2212991,114
1148509,6
433,3
401471,17
1192854,21
1613,29
562,408
43662,37
171638,65
2382161,83
1488,164
1333996,14
2023057,42
357809,106
185007,65
2497863,14
2507935,53
436717,22
1500254,42
712710,257
1258543,20
2282475,9
496056,35
1214604,18
1327983,2
796606,60
83771,66
1903694,11
555,25
2528027,11
1350,167
2098,69
1282,151
171552,70
2684658,11
75293,2
118883,15
432587,8
512564,39
2494373,243
880074,114
1933880,16
1673428,45
2175091,62
2576376,87
1398,49
1916956,9
29391,163
149698,8
644295,47
2698458,31
1778678,79
679901,40
434009,13
62322,48
1397,112
1094892,62
104264,18
76258,44
1241832,19
251229,50
76335,44
1788301,6
412419,15
779,94
496014,8
1641,33
273063,39
1441930,22
336810,47
436114,63
1514105,33
445709,9
83654,26
1721091,74
1754,140
1276246,55
83191,10
639282,92
43263,105
688270,92
74969,20
2066070,4
79880,63
219572,13
985008,16
67827,11
38820,52
1871025,20
10286,8
1390185,19
199441,70
186801,45
2652380,30
29555,54
556288,12
1740262,39
1911587,75
562959,30
260552,9
46867,111
46127,40
649743,12
441209,22
1408160,37
2494701,6
1816218,68
744985,40
2610896,161
331678,67
1977865,71
644223,87
1138452,18
1852377,142
1714849,119
2560057,29
2547598,15
1647413,31
694427,123
2607911,45
2010972,37
2233839,70
1940319,18
28035,75
1784713,119
1588,43
1287055,98
196858,99
1134687,22
293826,470
1404,118
109328,380
33932,76
715,66
94,14
1479,42
931890,83
998844,56
1912897,79
81479,22
2686365,101
510516,216
2708117,48
2583851,92
460265,12
454,95
192,33
528191,22
255507,83
1573704,16
118062,31
10381,7
259564,37
2115978,39
235279,41
29382,145
402880,25
239759,46
1091006,72
1515612,10
1977864,37
698948,24
70255,51
267818,36
1348114,33
28901,133
536474,1
2021234,10
1909293,38
929506,122
565655,5
2684468,7
754429,39
2082193,152
1615494,28
2079227,14
178899,30
1031536,12
1276229,21
2560010,13
1882757,21
909932,30
1121353,8
1763883,17
2593676,98
2618290,54
2686362,110
59748,27
1074311,21
244592,21
2562284,5
1421,89
357804,55
126385,56
583,87
202954,31
65393,66
84032,103
1396,401
768706,53
36805,9
2096,45
69964,31
2585771,50
111015,27
186928,86
694431,40
561879,47
93378,15
672795,6
818,189
208479,57
157691,387
322104,153
2699181,28
1742993,8
1774273,114
246194,39
152331,20
33035,69
1853276,44
32008,42
1076,24
64895,79
1954171,70
1598,106
2263,15
2587852,6
349161,47
2261,18
1940762,63
1973483,45
2259595,59
1712516,49
36745,269
2599600,4
475,16
2419841,39
1580596,10
475662,8
1229758,5
2018065,3
1405,117
1358,96
1736,56
1381081,18
913107,26
59201,48
1178016,17
53345,86
122277,41
1653831,23
644,35
2608887,192
1195464,34
134,7
2018305,2
2305987,23
985762,47
2303505,20
116090,92
298386,40
302167,45
1434113,8
1003335,239
579138,18
796027,136
2488639,21
76832,29
326319,24
197,140
1761453,80
2547394,95
331104,22
1844999,30
1408159,11
1848580,5
2582905,11
57704,11
1336796,60
1229727,8
655813,91
53442,27
864828,16
398511,50
155085,38
1811193,42
1434011,6
1978229,4
1394,3
762948,130
47678,174
2267264,34
2030797,110
192421,28
1756150,69
2509675,42
1316408,185
1007676,40
1294262,37
243232,48
2505979,5
713,133
559295,90
680,52
216963,37
1156433,43
142650,37
1528098,47
28113,192
519472,65
745,4
114527,226
119045,9
595494,22
291112,54
204457,14
1507806,36
738,142
633697,52
1307833,35
886293,10
1441467,11
1231072,49
2294119,68
53336,23
525326,6
58340,18
2005464,43
2070463,71
569360,52
81460,31
1179672,151
85006,65
1291379,85
2094021,5
2109691,64
85404,89
1499308,171
948,12
698758,43
363852,88
391616,8
435591,12
86664,66
111781,23
1582439,27
2049881,18
76831,91
1404367,15
1324796,4
407035,74
2053,11
1542,95
35841,75
2603215,16
1250153,19
1328,127
585423,7
1136231,224
1985178,3
412690,12
33047,33
911343,16
563040,45
34038,19
1580092,66
391038,7
879274,13
469371,8
1028729,191
216142,7
689,80
2614128,5
1936003,19
364410,28
29559,43
1825069,49
863239,7
459526,129
758820,82
1293037,4
651740,22
1212491,62
747365,55
573600,11
511051,37
444444,12
2121,49
221109,48
2609666,46
2249356,118
40754,46
2676868,45
264636,50
143222,5
1511,81
2231382,367
1124835,100
1406,120
1085623,33
1842532,16
2102,15
702745,86
40318,16
9,79
1935204,65
712411,33
135621,3
111780,116
2697033,20
67263,16
1239307,5
1778263,9
1354304,21
955,9
1763363,67
351679,41
223967,11
33945,93
31969,13
193462,10
55601,55
128944,17
2587161,62
573658,33
1567404,2
485917,47
1042156,43
2320270,13
1638788,11
2496836,9
158,158
304378,13
1670641,80
1471399,4
1318743,20
497,37
645991,35
1392005,11
28450,26
190893,49
2220073,24
28903,25
84135,227
2558360,7
559292,179
338,29
206403,20
33959,96
926562,52
186826,180
186813,99
83560,12
333962,68
1006006,28
51161,48
700598,77
583358,11
2124,44
2653853,14
184250,22
2094025,41
1848756,14
1197325,7
1637831,1
28448,12
2497879,55
682795,18
347,6
2584122,150
28184,36
2591634,52
46126,47
483,68
203491,32
1873,28
40041,108
558152,91
1784714,87
1193502,32
350688,84
28198,79
2666100,66
29378,65
573064,49
691,23
1945662,2
312285,8
47878,36
696281,48
2026,23
36874,81
280036,96
1330330,19
171637,52
669041,88
1302308,6
2681766,159
2074,17
28091,38
2068654,121
2704467,12
2490851,22
1933220,44
285570,10
395598,7
745277,18
261317,11
2172099,66
1495769,17
155615,54
11280,2
46541,34
2686366,113
284591,159
244366,20
929713,54
515622,94
137545,5
78535,51
29471,16
98795,14
1292,46
28258,8
2608982,21
2576891,14
2699180,144
1842537,2
1298593,1
1917485,10
69539,52
2282738,14
1954172,72
1687,8
280699,78
2027857,91
322159,10
37482,28
29519,16
356,32
2099,89
47917,43
1286,81
38294,11
1407499,4
40410,101
1809055,6
1882747,12
519450,78
2527963,16
527022,29
1349819,9
323450,31
10276,7
253703,60
1341,47
150247,29
1478,66
28028,9
1117645,168
2066024,30
637905,42
74546,49
813,12
118163,35
150056,29
2208,125
2049,133
1671868,26
2062,66
203682,33
1766,6
5206,6
1363,60
1803865,10
1647306,1
754397,118
45498,33
1173026,31
2304606,37
720554,113
76731,18
2697030,74
569,36
2054,12
1308,108
1161,218
1212765,7
2686304,19
279058,21
143223,67
2705547,16
1167006,40
1318,89
2025492,30
294671,81
2652307,134
2086585,14
1307839,84
1401328,40
2081702,25
1889,8
376686,56
870501,130
526986,78
587753,52
214675,10
2582831,7
145259,41
33923,43
2201271,80
543,490
548479,24
1677857,93
165096,25
696747,8
1648404,3
1111069,15
117157,7
298657,40
39,7
114880,16
696485,72
1813871,99
212765,36
991789,74
212,8
568817,46
1276647,7
1241978,100
313590,21
373903,41
189426,70
228899,74
1390,38
709883,7
2643510,14
51665,22
1632865,17
2072505,15
765911,11
2662262,36
670487,16
1303921,17
1618207,13
183963,3
1967782,17
1128334,2
569860,9
1336794,57
336722,254
2694930,35
1186,3
1646498,32
59277,17
158847,94
1932881,32
929556,91
29554,35
106590,13
1353,8
53558,33
572480,166
2552945,26
43989,49
186490,25
2184575,37
527027,9
573413,35
33040,59
1617283,81
1853278,51
1699622,19
292459,11
2487065,97
169760,23
2699182,170
2058133,10
45286,74
762,29
2686363,90
1064539,7
2529386,13
459349,51
458233,19
529122,22
1538644,83
830,10
1161918,36
642492,37
227,27
227290,23
2079234,15
1298851,9
2005458,84
2590869,9
13687,8
2530393,82
4210,95
1653476,36
512649,75
2161747,13
374463,11
2024320,1
743721,7
2552942,6
2700081,50
1762,57
584609,137
1179773,9
2082949,13
888727,317
221822,59
642780,12
1345,35
1223569,18
2011012,60
1622118,116
515620,91
326522,49
2505970,48
1031752,34
658172,21
221027,72
62977,39
539,62
1618022,68
1121362,11
1144275,15
216427,37
1585976,282
1938374,28
93060,54
237631,100
1857844,4
1624,133
1267766,5
41673,96
1917441,12
1229909,40
1938604,8
684552,10
731,52
43661,19
1852374,54
329726,37
2596890,74
1792242,7
1536770,35
46239,36
279826,62
1898203,89
572478,24
5506,43
555079,24
2584943,53
169679,207
318161,37
1278073,25
2547600,61
1249552,8
2583587,41
2622466,9
1351,199
1494,85
1173022,56
1458985,54
1310,37
2036206,32
1896175,39
639310,82
1056495,59
37734,17
866775,35
1888195,52
2585118,66
716545,24
338963,13
1871037,111
1852373,13
80870,25
589924,21
376174,11
264445,15
1597,21
1454006,67
362976,12
1235591,11
1184,30
61635,36
41977,46
2004647,20
196198,2
2183896,123
69656,65
487316,33
1892252,30
586,106
1392,23
1642647,83
1441386,25
2093856,127
164546,71
33970,87
615,90
1472767,30
1202785,26
1670455,21
2557994,55
526224,113
1068978,9
1453429,40
2697019,20
2590016,22
84406,66
1805827,11
1851505,23
400634,81
1168034,89
552509,3
1890302,50
1306519,73
315393,25
619593,69
335543,14
29542,18
84567,16
1712654,12
352858,66
1265601,6
564,19
944,38
431306,18
2651974,8
2058175,49
2528023,22
2564099,84
671211,53
33990,22
198467,40
224013,71
2601575,20
536441,114
1763,35
1803846,132
871968,47
82348,70
314281,40
2283160,91
1476,55
1705310,9
1437197,246
1348,50
94132,16
381764,47
82688,50
1912856,61
1855336,114
2649562,98
323259,31
45972,79
1763536,62
1241833,22
1450761,48
1608473,33
1156937,22
38313,26
1515,55
445710,12
317,44
999434,39
1623304,14
2508880,9
498374,24
2020486,11
714,90
391036,35
1652545,9
1201292,1
1267768,6
1814128,30
169402,22
426117,11
267748,33
2304600,11
2583585,25
1286180,13
594679,48
1973481,47
2529408,150
1089553,19
1114965,83
2487073,45
2614693,15
29497,21
913109,98
643867,102
571,65
538966,50
2588534,17
69655,25
666,52
1860122,20
1126833,13
1178778,71
1349,58
2184053,6
2692234,17
13690,28
1238,104
2689569,46
128827,132
1431246,15
1913577,35
260554,22
1293575,20
1674923,13
243164,17
654,40
632112,4
272558,6
1470176,9
293613,6
1540091,2
666681,22
526218,121
1415774,59
1129771,16
331696,5
1437364,3
287,66
394503,75
313603,53
1159554,8
83526,58
1816219,43
449,49
1273132,27
2162713,21
1032623,60
2003315,8
456298,4
392500,39
359370,20
1878942,33
1296,119
320787,91
161398,36
1736674,124
240427,20
2495582,24
762982,209
1355477,13
118968,13
2653204,45
236753,47
392416,45
1177,43
2527978,2
313596,15
62099,23
1583,20
351627,40
2071621,20
96344,17
93222,6
366522,27
1423,128
2005885,11
1904441,23
2220095,5
554406,191
29385,65
2052660,72
29561,28
296842,11
29546,39
2641838,17
2571029,12
3700,79
38301,24
979,153
34,24
1002672,17
655815,91
321662,6
860,82
273116,16
35757,17
216946,67
66871,23
1764,3
1349754,45
1033991,6
2662362,35
106654,113
1710,13
203804,19
319795,9
1933904,17
398767,19
40214,43
2061,6
2173034,39
386415,103
38804,7
878220,78
1178516,32
675,41
24,21
2057800,16
1497,141
2674991,14
451705,4
33936,48
216964,33
585,126
69277,1
1050221,1
1474,22
2639704,31
2711221,28
326298,41
574556,6
1763535,7
564064,26
1261127,7
180843,10
483913,9
1927128,29
823,63
583355,8
220622,25
1652495,9
1077464,135
511435,60
294,104
1441629,13
2017482,7
91882,52
1300344,8
1853232,10
45361,34
263820,36
158899,16
2110,44
868131,38
29394,26
2037915,4
240521,8
573065,5
1357,20
716816,22
45610,22
1311,126
109790,65
2494375,64
1005058,34
2622382,30
150055,14
114277,85
2497456,85
3744,191
2211212,43
12402,30
1336804,101
142,10
1329,43
55802,24
1198449,5
996,206
2293317,61
1338368,39
1929246,33
2070337,7
315456,15
573729,191
47885,20
2051906,37
36813,10
980254,18
114881,43
2071710,8
334413,75
29341,196
35,11
553174,3
1074467,35
2093373,8
137591,36
1589,36
1981173,9
561,36
1703,25
2043170,23
1648923,59
755732,62
2527974,17
1609559,13
1146883,13
322098,20
652,17
2219057,5
504728,12
2093742,78
1281,61
443218,15
2527975,7
1327970,3
68223,11
1445510,24
698762,28
1834205,16
40323,47
2283,18
2527989,12
222805,8
478070,4
1967665,43
595537,14
1302411,7
669,32
403833,47
1938607,7
52,16
1423778,29
1307761,29
53407,3
394958,207
2529032,67
1255043,12
2707005,56
29562,44
87882,32
311982,9
1935,10
1911683,56
48,40
2169540,48
135487,13
1986952,105
339671,28
107806,1
143,37
152297,10
859143,110
1073571,24
187880,4
1359,105
29384,68
2699178,182
2518644,12
1202962,40
348780,3
2699179,191
1761012,57
1458307,9
858422,17
1191459,138
220927,9
145391,9
748280,14
2565556,8
171281,60
1730,52
666686,80
28172,35
2185142,9
1649845,29
2602016,17
2109558,47
1855823,58
1807358,66
1960083,14
1303590,25
1850526,61
221988,47
2624949,93
243243,2
237258,131
777,22
512565,14
129337,38
2603292,9
2618749,27
28211,93
2619320,16
196818,9
1241860,16
571915,22
205922,6
1117313,24
990317,1
576611,23
2528203,63
226900,1
780,36
1270,13
33050,12
2269374,29
39152,79
164393,22
1239415,38
204037,32
1911586,51
1191523,45
360107,75
1248726,5
1571,137
1336802,33
293387,41
582402,24
84022,76
71999,19
264,39
591019,9
553,35
191390,14
424551,284
10261,11
1545728,13
2487063,65
2604832,10
2100,22
543314,2
1433289,6
262209,15
61015,72
76760,15
2565366,11
2143,37
1255,69
614,21
491915,14
395491,14
203275,40
1802984,24
717605,13
84112,6
1671597,23
259536,17
1400053,54
388413,46
496057,71
204536,44
610130,68
914150,21
137722,7
2686360,11
1798193,3
2751,118
74968,17
2636821,17
216929,5
1567013,3
1913578,15
73044,2
2593958,12
1750,68
160798,87
197482,100
2662397,50
1751286,27
2093,126
2587865,31
75105,15
86106,27
856793,12
412965,34
331113,26
70348,35
75788,15
638,52
1850238,10
2184519,16
2704462,12
522484,36
580332,6
661488,52
649756,71
2572087,51
2070369,6
76936,25
486,83
1386968,6
33995,5
746697,73
2686014,11
1930274,11
1434099,20
888845,31
290317,20
43658,25
396359,1
2079596,17
1874317,15
1734441,2
1851148,33
1636720,13
1128151,12
1547283,65
1250295,61
29338,8
929704,61
1965282,21
573569,16
458817,23
1227739,17
302409,22
434010,7
660470,15
94624,5
888827,18
2527973,30
147467,6
722731,14
2213226,25
649196,58
46234,28
1538553,18
326523,37
335283,25
1111760,21
1740163,5
33934,25
363408,36
491893,12
2044912,39
1031538,13
1410383,30
633807,50
2210,58
48664,8
2070539,15
2025808,6
1836467,85
2209,77
1402,27
191,12
2509341,44
2138,44
456320,40
1796646,110
756499,43
1109412,17
180282,10
80842,10
1884914,18
185979,5
1218,62
473421,4
1315283,40
1921549,19
1147786,4
2057791,33
2283194,42
99822,28
1499973,21
593907,7
2116,58
1346,42
29487,5
43657,113
52584,91
1622,28
571177,29
288004,43
788,18
34062,73
588,72
1071382,181
400065,29
1501268,35
1644055,4
2679994,88
167468,11
1850093,28
516950,4
2745,49
1257021,74
552,13
338473,7
730,82
2528026,8
414778,26
1074889,21
546871,12
990315,4
1486034,121
1010,77
33024,37
2587850,5
1229908,31
1294270,32
1834196,65
722472,12
525283,18
1678028,8
387631,29
1276220,40
1154756,12
2660554,5
253,244
69965,11
1276227,20
1529068,7
1094497,14
1871021,34
1300,19
2026199,11
568766,2
486398,53
2706887,59
1884904,7
2377,46
1214101,35
1241884,14
529709,14
419665,42
1032240,77
1714373,12
223919,27
508536,9
28082,53
945713,87
1452722,13
357244,16
1476873,21
1238184,59
35755,17
643214,50
68175,8
566,6
387093,17
1332188,42
2067960,1
1071078,68
2259340,5
251749,13
2057743,15
1575,6
1160721,33
2530392,1
1618,37
543728,14
1286171,25
161899,18
1434107,75
384,36
712310,98
265668,20
1222338,1
1936080,66
1379702,26
1847728,40
747,135
1198676,1
35252,2
1324350,59
568,20
79263,42
2054227,8
2596949,16
2027860,86
1034112,2
29495,32
1884905,19
553973,40
1930276,16
2495645,11
367825,5
70258,38
2558918,19
1795355,46
741155,4
685565,43
2527965,26
1789,8
1249,23
1379910,36
1041504,81
708126,50
211880,9
188937,61
1249658,1
1625,34
527030,12
174,39
1032070,76
649639,100
526989,16
1581038,72
485916,80
390846,8
2139,49
2602015,9
2686358,53
807,18
794903,20
29553,54
2686288,31
351605,17
56780,26
1785995,11
2496028,22
760154,28
2044521,15
1980674,11
393595,1
1434072,10
216942,46
239935,49
1118153,56
67081,17
2627398,18
525282,39
58049,44
2494374,8
1850254,35
70799,62
1372,46
2575374,19
200643,45
573570,63
1930071,55
1813019,47
2567884,10
2335,38
196,30
1965231,42
203122,28
2676525,53
693661,12
96561,15
1463165,24
1600,32
29552,101
706191,2
2508307,2
998088,2
2027919,14
186822,23
1498,105
1165151,1
1643824,15
1314869,27
1867719,11
35806,9
33069,8
88719,55
1727163,51
314722,11
2018025,18
1869241,56
1249553,19
1808001,25
1640,33
1173749,1
1536769,26
41275,7
1045855,5
2259620,15
1576550,60
33887,7
423476,1
1729720,63
502025,15
2170745,8
1007105,15
488538,11
481,30
2645622,37
2053832,5
579137,41
196894,10
536444,5
142649,35
1807691,53
743967,41
33986,11
1506553,25
216931,57
755178,81
395963,15
1207075,10
2478663,98
174633,48
437897,90
941640,13
51668,5
1173027,46
92401,34
1705566,70
1072685,24
35623,44
656519,70
1884915,12
2545455,128
2675218,6
43,22
1173020,67
1855875,2
528,15
1307444,27
1142511,25
652787,77
1429244,4
1426,38
518,3
570416,1
2163644,25
1884913,17
135569,49
194,177
542,17
111527,4
2183582,7
283734,57
1208919,32
87541,40
2585716,10
2419842,71
206,97
936140,28
2633022,165
2099788,15
404589,16
1016987,34
1214179,4
1697,10
159087,7
522448,48
561230,10
1898749,40
1796613,98
29549,17
2509456,36
935546,1
391936,2
572547,14
1268635,32
608506,30
133448,5
492670,92
523791,28
141679,42
37326,9
1324352,91
1274631,8
2703787,49
1604004,15
1104446,29
675864,9
31979,25
2640652,73
162,36
2483798,11
714313,22
526944,37
1378,12
1829,14
41295,1
359,11
104628,15
1404768,7
658642,6
35703,5
83559,25
1170562,65
995085,38
308354,61
33010,9
29571,5
1638,43
65058,23
530584,19
983544,96
421525,65
316,78
381,16
2527964,15
1294,40
44251,27
67345,7
28216,37
632335,16
134536,12
123899,13
561061,57
434,34
466616,18
1030157,11
401472,8
1321939,4
1293572,6
298596,23
479433,19
445932,32
2382163,46
62088,18
292800,37
82115,10
37372,59
2582913,8
187327,35
546367,31
2202254,12
929558,63
1608628,11
2045,4
629265,6
1323375,83
637971,16
1695218,19
2054919,9
3646,13
1352941,13
634157,5
768704,43
1986204,12
935198,82
2136401,18
46256,27
679935,40
1385385,4
2079792,6
29486,24
2038116,60
1316411,120
1783501,41
28189,62
1388752,11
1985873,11
2676077,6
52771,24
146891,38
1241834,16
999426,52
643561,1
476282,2
1930557,18
1366,52
71655,23
2320140,28
960,43
1891644,10
1507522,18
644281,50
2650775,20
926556,24
1903686,38
56,75
1388753,48
875328,8
217203,23
1434110,52
765952,32
2039166,44
84998,7
2583377,15
59753,11
227942,17
2086584,24
551115,58
1492898,87
1501269,19
135461,4
1990687,9
254,151
498214,39
2004644,34
289397,7
2161872,57
118103,30
1537400,12
80852,59
2020312,3
1583100,33
1514074,20
1697043,9
2059672,15
379347,22
1075,32
324925,29
38293,50
2599640,10
1542390,41
577,13
621376,36
928724,8
1795630,14
114090,25
1229512,1
49338,20
1660043,16
867904,39
1045004,19
113355,80
119603,3
712624,83
459495,12
667015,185
2030924,1
28141,15
673,27
45056,32
662548,16
1380360,12
2109690,48
1293036,31
693444,16
31977,3
1032238,118
1843490,4
64104,125
119981,11
1265309,13
53462,21
395961,21
2583823,20
79329,32
182710,47
1276257,26
2587861,15
2518977,12
380,13
313595,88
164516,10
247523,49
379,35
521460,35
195253,17
2107999,23
1313292,50
1850252,120
538381,14
2682541,56
1329402,13
897,9
46677,17
1798224,10
358,46
1523415,11
216778,15
1069534,23
1128331,2
637387,7
2282170,93
754409,93
1702238,36
2169601,4
1605,17
274,20
269799,10
165695,14
33958,15
118109,10
1816183,6
1123383,2
1719,13
33011,10
182217,25
335992,51
483547,16
1972612,2
157592,13
762903,89
172042,258
64187,8
1336749,58
1349767,21
1121267,54
2086577,64
29575,27
1028416,28
565663,2
306263,13
256839,22
2592653,29
1241859,13
1198114,14
536,13
2590022,53
129921,17
39695,16
439481,20
755731,75
2173853,49
2486578,45
1385663,13
1755504,17
38289,9
1879049,18
1936081,131
2547970,31
211586,21
419479,14
2610881,96
2004650,20
515256,11
1005057,17
589873,33
2172098,46
670307,7
387092,24
66969,44
1376,28
68287,28
768672,5
2163016,10
2422,17
717773,10
882082,7
2109685,23
521097,31
1908,12
203907,19
621,9
1481663,29
314282,34
880070,92
2705439,15
119977,10
684950,6
674,42
44000,91
45363,28
3629,50
451,38
858215,33
452652,27
1379870,34
188932,93
1486262,17
847,13
1450746,13
259,75
28151,14
476,18
2498113,39
1406512,31
2498135,16
1120045,10
243899,43
88723,2
2600177,14
1678129,19
942016,3
2592345,22
1041,1
1031542,47
1254432,22
54571,94
1912795,19
423349,78
1834519,22
288681,26
28095,25
225849,27
1325107,19
2496265,68
2675219,8
1071400,7
2493093,1
123841,37
1301283,5
888050,58
2051553,20
340345,3
169430,9
1435972,1
143387,52
643674,20
2656914,25
768507,14
171285,30
106370,7
2663020,11
2097,8
1583098,55
43768,33
55510,10
863372,15
446679,44
69223,10
98228,32
680279,19
2662065,10
1349410,22
1921421,23
238836,43
1336795,47
439386,1
2094242,13
196806,34
324079,61
773,50
2315802,21
512763,37
282676,87
1304873,56
143813,14
1555112,6
357276,83
2014076,33
1105108,3
2498451,15
125216,13
639283,14
881,8
492,56
112023,15
1603555,15
2527981,3
1796606,8
407976,9
985053,12
1660064,17
2490858,8
28090,32
1069533,15
332999,64
693272,22
1241836,32
540747,3
2493668,9
55211,18
61646,24
879212,35
980251,23
29518,29
906968,39
1244531,41
158190,24
720,31
61435,42
2220096,13
671232,13
582419,30
83656,21
756282,1
104267,29
391037,18
93221,9
2126346,42
908290,15
2692425,54
821,128
2487071,39
760192,59
47490,58
1427364,23
853,61
480,40
1269,8
170679,28
2173,63
1032480,9
2003370,13
187272,13
163011,10
52959,23
1607,25
880724,47
1599,68
28110,94
2315800,17
1536773,25
1944646,18
469615,45
106178,4
1795442,2
858619,5
1661,21
172713,26
138072,44
526983,20
1178515,20
83683,27
748449,65
686597,7
649638,7
1165892,9
198618,15
1870819,48
604354,12
279113,12
1590041,7
28264,18
160808,16
1903187,22
441,3
1302376,21
1082933,7
2136182,31
680198,24
2371,28
1423720,51
457570,62
1526927,30
1813880,7
637730,3
214473,82
1028801,4
1218493,30
29580,13
876,18
326297,15
511995,76
408139,25
1798225,77
936059,3
118099,22
195250,11
527028,8
570277,23
1933929,10
667014,36
317025,14
1166018,26
1408,99
631,15
138532,5
56112,12
293088,1
234,9
686340,12
2704465,110
2360,34
2339259,14
683083,34
91604,18
2575361,16
536231,67
1615909,87
2079536,20
151783,30
76759,24
697329,38
1493511,1
1136178,8
63186,87
2613769,21
2024580,5
1052,9
2711231,36
1453988,20
1908198,17
1492737,91
473814,97
272630,13
1561924,14
1423143,19
795359,71
549,51
1382926,1
2151,66
1051646,29
2495405,31
2283483,6
224915,24
1434118,13
1484116,38
820,99
558690,1
1632864,18
1434102,3
1076550,15
2528017,10
2594883,50
110319,3
206506,10
290335,29
402384,36
477641,7
2572923,44
349747,1
879243,110
380021,24
28109,7
1325090,8
65741,13
2681984,28
35254,3
836,14
1765049,4
28895,7
2631580,18
2487742,41
370526,7
28898,39
2045452,7
439292,21
2528019,5
2479200,6
1275,22
381751,11
2021971,36
265959,15
89059,26
52774,35
1779134,16
2109,33
796385,19
1358027,6
641147,65
45668,48
963,4
2579971,14
471,57
2565558,7
2419773,55
646413,3
2316383,50
32019,1
2499213,26
452,29
47420,7
2662364,46
1903276,37
1006155,30
200450,19
303541,26
871575,50
399741,5
1679721,79
216938,43
933801,25
400668,45
2202825,10
1823,15
1348584,25
660522,7
35818,30
1247726,10
299152,10
546,52
1193713,84
1907,23
1725,11
709810,12
32,7
935222,96
12914,31
1795631,8
28894,15
1411621,24
676208,14
380749,18
1679497,8
135727,19
1763538,50
2528021,19
1085406,56
226,49
76853,67
1973488,146
2640012,23
2027293,3
255045,13
1920749,22
531844,43
550,70
1464,40
450367,55
2615042,55
2132,102
272633,74
1892404,11
2599293,3
517417,16
53444,41
232537,10
1385664,18
1267754,3
1269028,33
116092,25
2518177,49
2057233,65
573063,27
784,63
56459,16
1827469,4
632348,27
1388755,50
362837,29
346,11
646529,52
1176536,7
1616788,32
2203205,5
1422,23
255247,37
83406,16
37329,13
178399,34
2107,46
230361,56
43687,16
1581011,31
1756988,6
309798,18
1928,5
481146,19
862126,72
2630218,30
1223566,11
216596,3
2663824,14
5207,7
516051,36
1343739,10
1131317,1
85701,33
1867846,51
2527984,11
644007,37
2014542,6
743722,27
1482,93
2003551,15
634177,11
2599401,12
2675222,12
66425,14
2631404,13
2072025,69
171284,37
40216,40
365044,14
68336,24
1133568,15
81459,17
2598861,40
90270,2
537874,12
128780,10
2529121,1
405948,10
2562449,14
1273541,7
1205910,26
547558,22
51049,43
1197884,41
1243602,8
697303,13
2303332,23
768710,52
592316,25
38323,35
2005703,44
648,12
2528018,13
1678728,66
345632,14
1223515,20
1914871,27
2202000,12
1288970,7
2161821,7
1384484,10
1727164,77
2600320,13
888721,36
47715,57
2584940,19
1769,14
717774,37
2666025,61
64186,22
2652177,36
2527990,9
2587848,50
861299,17
911045,14
2285,42
293614,16
171282,30
1643,36
1261131,24
51664,39
47858,8
58101,1
1095774,2
28084,52
135622,24
1856685,15
95486,25
1659,19
2488809,18
1921086,17
1917166,13
1250231,65
1601,30
1434115,11
1938334,6
34021,17
1006576,56
46170,6
2072406,3
1564681,42
230089,42
2069255,7
693746,15
2319843,22
2049589,9
1849031,6
691964,3
1316444,19
1215031,21
47960,4
2632611,3
946483,12
452471,41
2497325,11
356851,8
106648,49
2509457,13
608538,19
267363,14
342950,56
487214,15
507,11
1410605,2
1315974,12
616991,61
1911684,45
1794,3
1863,16
1352940,13
349124,8
429009,12
936337,9
2546366,29
342949,20
2572577,22
694327,10
674703,11
1579,44
2644672,37
158500,8
170573,31
115778,25
315730,8
2213200,16
1341692,13
868864,39
2083786,7
709797,13
198620,15
70601,12
295405,4
2099789,13
695562,5
34073,25
113562,19
526225,5
57320,21
590,32
1703250,2
1526412,10
225842,6
936155,16
1314974,2
2497861,17
926570,8
40269,39
1042417,11
244566,19
634504,36
167546,34
1940790,21
32033,28
1715989,3
2545799,37
242600,44
271865,9
1736691,11
55213,24
1420917,24
1388749,8
54736,10
56458,7
1034807,95
2597769,18
1003239,17
222,18
505249,86
28321,16
2479546,22
632773,22
1716,75
411468,12
926550,13
290512,12
60481,2
196118,11
29556,31
202462,2
2005462,56
1839799,13
880161,4
1408281,31
158822,41
331278,6
591001,28
632292,22
2626047,32
768670,59
1356852,15
32009,6
991905,17
1117,24
59505,12
1780507,5
2211140,20
1680908,6
1784,25
964,26
538025,7
1133546,11
157783,3
1882682,24
248903,25
165697,5
82985,46
429572,8
1218494,13
2234087,38
888061,15
2315862,43
1344959,26
1909395,27
1141660,35
445576,6
122420,13
82987,14
1286528,6
941968,12
83263,7
745310,8
1307442,53
504,36
274537,12
1234701,2
728003,1
2026189,41
1423721,20
436308,30
1374,17
150340,9
1219061,1
1973475,36
2610902,4
134821,43
1868325,10
765910,6
1972846,6
1002804,14
885272,12
517418,31
399550,31
2478662,19
59374,31
1109743,11
2420310,5
377629,21
333,4
479434,9
33059,10
1411117,13
386891,35
1546257,10
290398,14
2502779,25
1930593,8
2045208,13
237,67
247481,26
1810504,3
1756149,17
1324960,1
1336,24
213,38
369723,15
45067,26
46679,12
266117,7
446466,8
1892855,15
1307832,32
1301915,41
2579935,19
405531,7
29494,35
104087,26
416916,21
2060307,16
1926494,8
2028343,6
1211326,33
1094491,24
1312183,7
1536774,29
517,16
1540872,40
565033,11
631719,1
1129794,49
2290923,7
1300150,4
1420916,11
1725232,6
2594795,14
299262,7
1815631,3
2683193,6
107,15
743971,10
425104,24
141,9
1848754,5
69966,56
980083,57
1434100,45
2560053,14
1437453,10
139,20
593750,14
49283,48
1403316,27
549298,52
1644130,31
313598,95
90964,4
1271752,1
1898060,5
1123016,12
556499,16
2358187,21
742737,49
2651284,60
51669,82
45658,38
929102,2
2219696,10
2528010,19
2511069,12
1704044,13
485724,2
33886,8
1921087,16
749,41
1223574,7
2107709,11
2575923,9
1186051,21
2527994,13
3650,33
1343,38
870,12
1806508,10
2029986,30
1222016,18
862966,16
2065379,15
526222,24
39950,56
611301,4
33025,16
1603606,9
1307427,22
634176,40
2527775,14
2028345,11
81852,6
93220,8
2342,5
160674,20
10256,7
2497860,42
216816,15
187493,21
693628,10
583345,15
1316596,63
1944648,1
864702,27
2305508,55
217204,26
1973482,21
123214,40
1974213,14
2587858,2
463,30
2203204,16
29314,10
1410606,21
1048834,9
149385,1
224467,2
450,54
2508726,43
254246,18
55508,10
342610,27
1888,31
272123,80
575788,13
2072590,12
2291,30
2594003,6
129985,45
1561022,11
417367,56
935588,8
1653480,16
47951,26
1792307,13
2506420,22
511691,6
571428,15
716544,32
980427,8
104336,33
89152,81
340177,9
114186,19
1714845,27
1357915,11
1877,21
339670,5
232348,7
132473,20
44574,26
457405,51
406818,25
2518370,5
1241878,6
238854,6
1871111,42
351607,2
1452725,3
11663,7
414771,44
419475,2
148814,12
290434,15
1907578,30
98794,19
1121448,19
61624,26
648757,11
527019,31
871738,3
1545835,11
1032071,22
1245526,7
208223,11
636,12
862751,15
455364,26
1108595,22
272774,3
664426,7
1471761,18
981222,12
2562282,8
683124,56
2419772,28
2070,4
1804984,13
1173263,37
121292,7
243233,10
2541726,7
1641165,24
1915309,82
2058134,45
926566,10
135614,7
1619311,19
89966,10
867076,28
1752064,27
1882831,12
83554,4
56110,36
411470,53
673862,40
1643951,29
189423,17
1224153,6
135577,18
1536775,29
1434104,17
1806885,6
1121121,17
544580,47
1454201,24
1458855,2
1797,3
40537,1
1570339,6
713063,12
1452724,7
324078,12
476281,25
1623303,14
633699,5
54291,12
299767,11
1252,31
47763,41
47886,9
598659,26
2134,22
1283291,6
70448,25
1771,4
1336748,32
2664374,10
2488665,9
338966,14
803,25
1870985,12
31631,2
114,11
946333,11
634498,61
55080,66
824,63
1262470,10
1566358,45
57372,27
43306,15
227605,10
1736046,16
382359,8
2202828,13
1069642,10
155892,11
37692,23
39765,9
33888,3
147428,54
1891094,3
1377,14
714943,82
360911,44
768066,13
891968,19
82996,24
159,99
222136,21
1121336,3
37919,18
158836,24
1208920,20
44577,33
2597660,6
260714,56
185008,63
354,22
200644,9
2583243,17
1883368,4
698738,33
356852,8
862908,11
1276258,47
171,39
526975,1
1799,9
337330,8
547,49
297352,19
1367847,7
797277,15
670052,7
381666,7
1843368,7
40477,27
273677,4
399742,13
235559,18
1871034,25
1038929,14
76594,47
68203,8
1318466,68
868595,21
136843,29
1277350,15
367190,16
362257,6
269800,8
1755811,49
400770,4
382,24
2494550,7
358396,6
1882833,3
2614906,8
13134,9
2511995,11
2033033,10
418701,10
871742,12
49319,11
312153,4
420953,16
85154,7
2485784,20
1383885,44
33910,20
668,37
146937,9
745776,10
51173,35
59737,9
717960,41
216572,13
703,12
1849967,16
72201,7
515635,57
1850906,3
1868135,5
36809,79
2518645,42
981334,7
479431,12
1664069,36
85991,16
443156,7
1564506,6
396,11
177437,32
53354,2
877500,75
2598579,21
1459636,12
1268,20
1112,7
1763534,42
285665,11
323449,5
2009329,6
1042163,10
83872,5
522373,1
35814,4
1179673,14
1690815,23
1242107,5
93059,23
231049,16
575,18
2527971,24
1913652,2
2601677,6
451709,15
2697562,17
246273,14
1410467,1
2015316,13
1123366,15
1920191,5
1249656,2
1912064,27
2083176,1
2496866,41
1534349,4
2017484,6
43770,10
2508882,14
398579,29
39640,5
571430,22
1701828,4
272564,11
264202,14
913070,2
232721,4
59919,66
296591,15
2653932,6
2712698,6
218284,52
1827144,18
445,41
2615033,26
526967,4
1650,41
468911,33
1004787,8
1246301,12
1850374,8
1142394,6
378806,36
2234,4
217,26
160453,44
465817,20
1752063,38
53335,18
525897,21
95485,2
477974,16
1367203,6
571256,11
44088,11
527000,16
546414,7
44139,5
38310,9
29388,57
1334193,12
1482074,4
351348,12
383372,21
754502,3
1364,42
1878935,19
208224,10
1642646,82
46255,6
285,8
2604047,10
187101,61
2268451,36
1277257,21
633135,26
278992,5
413404,24
51101,27
2631759,1
1423145,5
1094342,10
1940610,11
271420,11
357,11
2053591,10
2644389,7
2587856,16
2479392,3
76629,23
662598,13
54913,27
211114,13
1076255,10
272942,8
909210,2
74426,27
472759,8
83555,16
1166130,2
98785,7
1008459,19
1914992,4
1705394,10
2291597,9
1567006,4
1873716,7
1234841,63
266265,9
1200792,41
291594,10
1681,18
1636152,9
414996,10
1246626,41
1922609,1
1229756,14
676,53
428411,11
926,8
34037,17
1592100,1
2494234,5
2116657,6
237610,35
2590775,4
710421,5
449461,19
545694,26
351160,12
1295642,27
1927,18
35787,11
1173135,1
529,20
880478,12
2528020,9
38027,43
862962,17
1639348,9
1592106,12
2059264,10
521674,12
1484158,10
2054914,10
1367491,27
1253,3
797299,5
634113,27
374981,12
444158,25
1126681,3
1236179,26
1079998,4
548914,2
2060094,4
96345,100
76758,36
536466,1
1644061,3
1893,18
32002,12
766764,2
1619308,10
2479367,13
1326,40
1338032,1
743966,25
388467,38
1379909,44
1528099,5
2654191,13
53408,17
506,8
1712675,45
782,28
2703788,21
142651,28
2590021,7
1355015,11
459858,6
1945512,16
2691571,7
652764,10
1184267,34
299766,7
1932,12
395494,9
1720343,19
1105110,15
1185653,48
561231,2
1082851,17
1631871,24
37332,10
119602,13
1862358,6
318167,27
2591108,23
69395,6
413882,8
2149,23
202752,27
10561,2
138563,7
2267253,16
1660073,41
88233,11
1086726,29
2058624,23
2017485,14
1127744,4
2635733,13
2303538,15
445693,1
767452,11
67304,23
1838286,15
756828,14
1849032,4
28080,22
2623750,4
2623549,33
476157,8
1505596,34
486410,2
543877,11
637910,13
2493673,9
869309,8
1855726,20
1176649,12
1749,16
29484,23
1423892,41
47884,6
1082704,13
88724,6
1814957,5
1930275,5
446469,15
44013,2
771875,17
1636607,3
12336,5
10376,2
387,5
2163011,17
1081866,9
2231053,27
146919,21
1972431,8
1088883,11
2593655,29
673372,34
774,17
1136177,8
1609968,37
1328314,4
2583452,26
92947,7
301105,7
1348585,24
2614992,23
4893,8
2364787,62
2712223,15
1454382,8
2306583,20
36818,14
36739,8
2026190,7
321983,13
1904616,13
626937,17
1208342,2
66821,29
1566990,18
1391653,9
157924,60
1701813,10
266779,9
1042878,8
2282656,5
167539,15
1535768,14
257708,8
1387353,17
1141136,6
565,27
1435607,5
121719,25
2249302,10
2500533,15
2303331,16
1193729,30
2233999,21
57493,10
938155,31
2496837,11
2029305,4
215173,4
443254,12
1241865,25
1145276,12
1429044,2
985665,14
2055160,17
1006007,26
2594265,4
1009846,9
48074,5
1389005,14
1746059,1
563798,7
2290922,7
479432,19
593117,6
2109692,50
2694929,37
1549855,5
91890,22
1307763,11
1874630,7
265,4
1476901,25
1219375,5
1758194,10
301,6
363835,6
1241835,18
192944,17
1582,31
1151001,2
1079985,8
882083,9
375175,40
200,22
69665,5
1622234,4
1495144,10
451876,7
1330547,14
234831,7
2615009,9
1678078,13
44008,56
1295,45
641,10
314225,11
883064,14
485915,17
1246995,19
550540,18
1596,13
861109,3
669502,13
135740,10
214684,8
1906744,17
258594,4
253239,12
33882,23
158846,6
1280002,16
1604,37
33992,2
632516,12
2171755,3
694429,5
2058152,3
1003195,14
1619313,15
1923245,1
1325115,4
171627,21
1636250,3
1303518,8
1886,13
2528009,11
196896,22
74547,9
266799,2
1529069,41
547559,5
311230,9
880073,42
572546,12
1340425,8
246432,52
270,8
489,34
1052585,10
634956,12
1002809,19
1407071,30
2027290,33
1881017,31
240016,25
1032069,52
647113,31
85620,13
2585119,34
2109914,7
2527980,16
1636603,23
325217,7
1282737,10
388357,9
1225174,5
2527972,21
61648,16
1553431,14
85618,5
2496266,22
1121451,33
2608254,4
841,3
2528025,17
551989,9
335406,5
1526571,18
906,30
29570,10
548476,9
136845,14
266951,4
10497,16
497724,21
1735038,12
1229760,2
2070537,7
190721,14
315750,3
1945658,11
2099786,33
2614638,3
2570372,3
398527,9
1087448,15
2203724,27
197222,17
1940,16
393126,1
4950,92
1138822,33
136849,22
2055893,3
355249,2
1423822,4
937775,42
224719,44
234267,15
1882918,11
2596828,11
1316593,27
635,27
2055892,16
770,4
233316,5
1197717,22
1046267,5
2080740,12
1901,19
2177,20
665914,6
1573718,6
1686310,43
4892,11
576610,84
1639133,25
573737,9
187452,22
1717,30
1325564,4
68570,14
59932,11
257487,6
767453,2
267377,13
333965,45
999431,41
85581,24
1211417,3
1977088,14
323261,13
883,13
1288494,11
29547,5
1224145,4
207340,3
130328,3
1727196,3
2420,2
195103,12
71998,2
321327,10
397948,9
2567934,7
699433,10
1933910,2
1481923,27
2584094,9
1141883,17
947919,16
2645054,2
485918,69
1208921,17
1572656,28
797304,5
80854,53
2493678,8
103855,17
1628086,6
1660158,18
2025359,10
28031,27
523909,4
535289,3
1833852,35
1076934,4
2126321,14
2518975,11
2601646,12
751944,5
321985,9
2527968,22
340188,2
580327,17
1684,7
644966,6
1655514,1
1211322,7
1905730,25
348824,14
656088,12
1206105,5
1055527,4
159150,19
545619,4
2213202,26
943,10
944546,15
44250,39
1855380,4
456327,7
2505977,8
528244,13
202956,26
679926,29
262723,3
2653178,2
55583,17
1245471,4
886377,41
2057246,11
1932004,8
1752398,7
1698714,2
328615,7
497725,12
1678128,6
1644131,6
2026785,12
2082188,6
11135,2
2502791,16
1173284,6
758802,10
1589733,2
158189,16
521,6
1188229,18
985002,22
1891280,47
2026885,5
646637,17
907239,2
1064535,12
304371,9
859653,45
97195,4
697281,33
1690221,10
28183,53
185978,33
283,10
2565782,3
108980,28
2268026,54
1224146,2
648999,1
1259973,15
2615203,22
1788452,1
381899,1
632,7
2743,4
2048897,2
2095,8
1654388,42
926569,18
1709477,22
2558361,6
1091494,16
746360,11
321846,12
2024973,1
168471,9
283699,6
233181,30
472834,24
290847,2
861360,9
1190415,2
862967,12
1903704,25
2698686,26
2025658,22
1505648,5
754523,6
931866,3
169683,4
1453495,22
1678,29
2507160,33
663364,86
1005048,9
223307,1
2059884,10
2647733,20
557993,22
82367,3
11834,3
196162,5
2026191,36
53344,26
86192,12
553814,15
1130798,18
1335048,11
1041826,10
1240980,3
122355,7
41431,12
930166,12
68173,4
560555,28
693973,1
1088721,6
1105107,11
1173025,13
1295366,9
2576841,8
85698,38
1183438,8
2560086,7
323850,21
1434123,17
1610,13
1313291,1
2675298,19
1280380,8
406327,36
582,73
365046,14
204773,12
319236,23
55518,8
32051,3
1720344,34
1052588,6
361100,8
60890,20
33967,6
1189303,6
2609290,8
263819,19
1250205,42
1415773,26
1276221,42
2081703,40
1246,12
1570,68
1179669,12
1906741,11
539329,6
1774,6
1453989,8
1903414,16
139438,13
1172567,16
1857843,17
2109913,10
2547399,15
2590785,6
412418,9
1219,30
312309,30
399497,6
521008,3
1615674,2
522306,7
333762,1
2565926,32
272951,6
1503054,6
149016,58
176652,5
2617521,1
748727,30
990316,19
213633,2
410358,12
205914,24
2583822,3
1909732,10
1904944,12
2259623,18
1855377,10
1636608,2
2294156,1
463040,16
53952,15
2500546,4
661367,2
688269,19
2130,39
2420300,4
446692,6
664962,4
600809,9
1923253,10
999630,4
475178,6
658445,17
91891,24
419942,7
1589751,1
2588299,1
1217984,4
2003188,7
267375,11
93466,25
2599641,15
2559074,3
1633,20
2004467,8
2647000,7
640132,14
1033837,2
333146,20
69,10
1620421,12
872,10
44742,20
1969,14
1432792,16
706587,22
59504,2
118613,5
158481,2
186328,3
243090,14
765147,3
2571747,12
234612,7
702455,12
489653,17
1063,16
75612,16
1505907,11
488446,2
1123251,7
2506452,13
2603276,10
1746060,4
926571,13
1166950,4
981367,1
2579250,33
1884634,7
1274359,3
2169539,17
1307957,2
945844,11
206389,2
1852628,3
2268461,1
1705,15
246197,14
759914,7
393767,1
1434214,12
1723645,2
2005262,15
2023772,10
1260626,6
1917421,28
2591109,14
2315801,14
332411,23
553239,14
1435981,3
1457030,17
1385592,3
1193712,2
2603206,8
43668,4
47716,18
2588535,13
1846278,16
1548548,11
12657,6
696125,28
1437605,6
1911175,15
266835,4
1330043,7
2547601,9
1896961,11
290315,17
1379270,7
2079427,1
261939,1
2638319,9
767455,2
947516,11
1284,27
1446794,3
1610493,13
585531,11
393921,99
1050174,15
1243585,2
661481,29
2527691,20
335541,26
83558,22
2080742,8
1917990,11
72803,9
2609252,5
1334187,4
292913,5
1938605,7
1921510,5
72638,7
1267000,2
200991,22
2627626,3
29343,28
33968,18
1510,33
225999,29
391735,9
379731,3
1053692,7
1629,7
1050370,9
150120,15
1571470,12
488447,13
1526658,16
2305221,6
1208104,4
493,37
1508644,11
2109593,3
316280,7
1149133,14
2103,22
1670800,8
876364,9
2642494,6
47857,9
499555,20
1591409,10
768,2
509192,13
1705617,33
128574,26
71997,11
653685,33
439334,1
119060,35
2587849,6
382685,3
2483401,4
118101,24
138074,43
2683284,5
241368,11
2010829,1
2004468,7
588898,6
2202148,12
1334078,2
420247,16
1702221,11
79967,5
222523,3
10491,8
2173854,16
728,27
316279,6
2712222,10
693216,10
1217721,15
1353243,19
419257,18
157779,9
1408284,27
349106,7
65496,5
2509719,6
1915078,6
33941,4
470933,3
126673,4
190323,5
74700,14
110662,9
2661553,7
682370,6
347534,8
862259,17
1052684,6
2202249,17
1078905,23
1986146,21
1605721,17
104623,25
1903266,17
456442,10
1855331,3
79883,49
2681549,8
12960,5
426114,6
1266923,10
1003177,3
139021,8
29485,20
580331,17
871963,35
2040624,8
2622653,2
1150468,27
146073,1
2007306,57
538220,35
1388751,7
1680,9
44935,9
2319844,7
1884916,10
1654919,1
2617939,9
80849,17
1532555,3
574093,4
484429,4
1608063,2
1611770,7
670516,6
1660083,3
351671,27
948519,4
984129,3
1080068,9
1045854,15
659243,1
246200,8
270351,12
2706126,10
213615,8
1500386,2
1855352,18
369822,8
401053,10
1916917,4
2509459,10
1931241,8
2496847,4
1029756,18
75906,10
1663,9
1334,11
1235441,8
1785128,18
1245469,15
74152,16
194439,13
1967666,13
941907,6
1105099,1
336487,3
507626,12
470934,29
443144,13
2104,8
102115,15
2108470,3
1232659,18
1416753,12
454601,10
61647,18
1914872,7
1315998,20
649831,17
272844,13
76775,18
385025,2
2072407,3
1288636,10
2219217,1
2320858,32
407,14
2591463,3
1433288,3
930171,6
188770,5
862971,22
1332264,10
2699183,25
907238,3
151081,7
59203,5
767434,7
1437360,33
572264,6
1353976,27
1778675,6
1041522,7
392593,9
1737425,3
160699,6
458639,2
709986,5
82633,27
1197460,13
103796,7
451864,4
70600,2
1679,3
1054461,6
682798,7
216591,2
33013,1
388950,25
2583577,3
1608957,10
119858,36
1440763,7
690566,9
2094119,13
290402,41
211110,3
488222,4
2003121,27
2487072,23
1433287,6
340047,15
1742989,10
94694,2
1885565,3
523841,6
764561,1
1437824,12
161492,7
1095900,20
862970,7
2057741,10
80864,21
2202827,8
2052956,5
57678,5
2321403,46
1699621,18
80869,8
2575373,6
1028989,11
1725411,18
627192,9
152682,5
2662261,10
1230341,30
424800,5
317577,13
871585,9
655384,12
1743168,8
1670830,8
1416803,7
2010960,1
2123,24
311403,4
624,1
52242,12
33056,21
411684,14
575540,10
698761,7
28173,33
446860,13
1673076,5
861208,5
1336806,14
1505036,6
57705,7
2147,2
1031920,14
164514,31
2627481,19
32020,10
157782,14
40480,19
1178482,14
1550241,13
1873524,7
290400,6
1767,2
2041044,13
604330,15
1660076,11
2039,8
643648,13
1240708,2
268746,9
40566,20
1616117,11
72275,5
33951,2
386490,19
1123269,5
343509,8
213554,8
995049,1
1771309,3
701347,3
374847,10
1543721,6
68270,20
340,5
225991,8
37927,9
463025,5
1813879,8
1720083,13
338191,4
1581680,5
929835,2
90410,3
2678688,8
481448,17
44561,1
265072,11
261292,16
1534743,19
311180,20
1178537,8
1674922,3
173366,7
57975,6
1183377,26
69218,20
2570229,10
39691,15
525909,4
2488819,16
167555,10
876142,18
2697032,14
2493677,5
2641160,28
762660,6
526988,11
1891279,21
1842534,6
110937,4
92400,41
195105,7
292414,5
1620215,3
182337,4
2609468,52
1335757,6
2014,19
1715860,1
1268072,18
294631,1
28883,4
119206,15
651,9
444861,1
2162,38
1683,2
930945,3
2571746,13
1761789,5
762376,6
297,5
384616,9
2026780,19
69666,10
663243,22
487184,3
1710541,6
2420509,4
909331,2
32207,14
1980001,3
260364,22
39773,5
640081,6
1936029,19
457423,9
1853130,7
85643,6
1679001,8
292486,5
749414,24
60520,21
445987,9
161,4
1341694,2
543526,6
2107708,13
1244,4
147645,9
1182263,17
400092,35
1005090,12
49899,13
1891926,17
454662,19
1851544,5
622488,19
1914861,8
162496,15
391626,15
1450142,4
2478912,8
68288,5
273075,5
584708,11
103816,6
521098,9
273384,16
29419,14
1809410,14
1171377,2
66269,13
2057798,20
368607,20
2518976,11
2213057,12
1477,9
2055,12
1076588,14
389348,23
176292,31
980445,14
2597770,8
2174846,9
657308,3
456,28
390235,8
1202450,2
863365,1
44010,7
1660040,12
367928,2
1914525,4
981330,1
1199245,9
717772,13
1979160,2
519442,4
1915,17
478801,12
1914471,6
2587843,7
1728958,5
885040,7
2587163,9
930275,9
1112204,3
136857,20
1646,4
1218175,11
2004646,26
681157,2
2620237,4
1663591,12
1915205,7
1133592,7
48558,17
1408189,13
426368,19
37108,5
665571,6
1812935,10
1423723,17
693977,9
1987723,28
336486,6
623,4
10371,2
635013,33
1461582,22
1830,7
262543,15
728066,6
2066483,21
353,6
2011159,8
1708,11
2711156,5
498213,17
1761891,14
1410384,3
1855519,7
184914,14
637913,2
1584,22
1316412,22
2005473,19
585425,7
31963,3
519,2
2502781,44
1701830,6
1490057,2
2572036,11
1699624,18
655307,48
31958,11
1391654,13
1685,10
2080469,3
101571,13
1531429,9
2305220,12
1712389,1
1772,13
2499144,18
1212546,8
1304889,5
2507162,15
2608981,9
1156431,28
907965,16
60480,4
680115,3
1903411,5
256729,8
1273713,1
2509614,7
1323664,9
2153485,7
743009,6
67267,9
1382510,1
316276,2
216389,1
1348774,8
498848,4
1357714,2
2072405,5
573824,2
869209,49
1870820,21
357808,11
523849,16
650378,10
145458,10
2082387,7
502558,7
756883,6
59893,5
35746,3
499175,2
1612173,11
2747,5
28228,11
43674,3
1331910,11
1913653,2
75588,6
93219,7
307454,4
76947,4
1679002,9
1247,38
2591606,32
469618,1
1883374,1
75682,5
595,5
1473112,25
435590,11
53988,3
479435,10
2048283,17
86331,9
1824,6
2502843,13
521011,11
2708539,10
1855912,15
10264,3
342564,1
118562,16
563,20
95641,11
1778264,15
1224147,1
288000,7
1609758,5
41294,3
1671721,6
1918522,3
1504981,10
1922932,1
10260,11
2518974,5
931089,10
714995,13
192952,4
1004785,18
1117319,21
1474867,10
61858,10
186828,4
96773,3
324831,2
319707,6
4143,16
395965,5
33925,5
391290,11
393119,18
29433,14
186814,4
2082386,5
2697043,16
299146,18
95300,15
1313172,7
1642,21
1838073,1
2027405,10
1449976,21
1104324,12
857087,16
448385,26
115808,9
435897,9
402626,4
708248,12
29379,36
284034,16
2527967,2
216595,7
163003,9
2614977,8
2058625,18
1219035,3
1346287,3
2005046,3
70775,8
2592355,3
364197,4
2483360,5
661191,7
525903,7
129338,13
1903186,15
596155,17
1395516,8
2478464,11
1432656,5
552811,9
90371,2
292462,2
262324,7
469607,17
748247,11
1079999,1
596153,2
2597701,5
103733,17
927083,10
630,38
1969806,12
147550,7
252514,18
947515,7
535,10
1835,1
1813182,2
113653,5
2283195,9
1414854,21
1176514,2
2072936,5
349521,22
446465,10
379529,4
395495,8
444,10
1578165,16
1281578,3
1768108,13
1493508,3
2217867,6
83262,10
2107707,10
2079793,4
1441,7
2575375,11
2594913,7
527021,10
1357279,8
395962,11
1229831,19
2527997,10
2499145,9
1415630,1
78587,13
530564,17
1096243,9
2034,3
1509,16
272620,1
404941,12
1945657,6
337,9
1826607,3
2647581,17
521045,18
1883416,6
881260,14
359160,15
194690,29
1411887,1
469378,15
78398,6
1923760,1
1498172,3
135719,5
710685,7
1224742,2
1881,17
204042,21
290397,9
469601,12
1658672,9
1823759,17
488731,3
59204,8
290340,3
195102,13
34061,14
580340,15
2024264,3
283686,3
83334,1
158841,15
1890,7
46352,4
34098,18
2603660,20
1462996,21
2684913,4
1338035,1
1111676,14
920,5
526980,17
320847,1
754042,2
1073531,3
1355100,1
1798205,11
64471,2
1034889,8
1389004,6
35790,1
1848755,3
1745854,10
1842727,6
633,13
61645,14
284813,15
279238,8
765177,4
197614,15
189425,12
1391223,2
186188,1
272556,4
1243616,1
84531,6
2203213,6
64310,1
98793,10
2109915,7
105559,8
1246955,8
525904,18
1500686,4
1249101,6
1288122,2
1441628,4
86660,26
525329,1
2575699,17
869212,13
56730,10
1250539,7
29447,8
1262452,6
1525,22
574087,48
1675865,3
929813,14
2026186,15
2665642,6
45989,3
2686094,9
471821,6
12261,1
1844006,6
1292033,5
420662,6
72361,28
2171623,5
1985325,1
2584466,6
1241869,16
637390,17
1906738,5
1037911,4
482957,15
526985,7
57706,12
2564310,3
208439,9
1036172,25
45065,8
1457153,12
180850,6
1955558,2
2587853,5
293091,9
2487353,5
1654582,7
1550024,22
263358,9
75658,31
2066051,11
1034103,1
511437,4
551,10
104102,7
765869,14
1196094,25
1484693,5
287094,4
1609966,13
2676871,26
187491,6
544448,3
2601898,8
1357916,1
2058136,12
28105,13
1792,6
2528035,4
1434215,14
47872,10
748770,5
1359184,10
1520670,1
1071080,20
1614,14
72758,15
1384459,4
1338011,14
2582830,11
1121114,35
1837283,5
1130804,14
1394889,3
228400,4
2211106,8
762051,4
315405,21
389214,21
1421067,10
1980928,5
866889,1
326442,6
1696,6
388272,2
37928,17
2382165,11
859654,25
414684,3
1637853,3
1072256,7
2053527,17
1408204,1
1768,9
1930764,3
1548547,15
28108,50
643562,5
1971364,2
307121,5
1331258,6
1716143,9
2528029,14
1761794,5
2594007,7
1177751,1
935547,3
656366,16
1746199,17
523850,9
435,12
1458492,15
2321394,8
693629,1
526987,16
1493509,1
29520,2
296,8
2623050,6
160799,27
2201999,6
2605424,2
716540,1
292564,12
633149,9
2583584,3
2211108,6
1072463,4
1985285,1
1231626,12
585455,8
1297617,4
316284,15
1161942,14
1630141,23
710111,6
41297,11
2599297,4
563797,7
1143323,1
421628,10
1354732,1
93218,5
1263832,9
2060312,2
526992,9
765912,4
1869170,2
749222,12
1159083,2
2587845,4
692036,13
1511761,34
2602067,6
1219032,11
666510,9
1920667,2
405532,2
925818,4
2590776,8
125593,12
1768242,11
2487344,5
1164002,4
1110502,13
1813,8
283643,17
2020311,1
2648686,3
60550,7
1620392,7
1239383,1
713585,4
85023,12
1510841,8
28453,17
134537,10
1448139,1
1984776,1
1648,35
1783515,10
1072467,7
1527469,3
1116375,6
179636,5
2293838,10
398580,7
702115,5
2695266,1
319225,17
1442032,12
1189310,5
519081,8
2293862,12
1547487,8
1233873,2
1577791,6
88688,5
1636617,4
204286,2
1686,2
153496,16
2601894,11
2602070,11
11746,4
1788,7
349520,11
1905,17
1841249,20
2585135,6
1821621,23
86622,6
2518989,16
2014887,6
37929,5
2153385,6
797210,6
292415,6
1157951,4
1434119,13
1675686,5
326424,16
28056,3
349101,3
2052742,10
1471400,7
702967,6
1085,13
1001585,5
1208320,5
279828,4
1415166,14
2014541,7
349519,4
1173283,1
2009331,3
568768,15
930943,2
2169536,5
1960,14
1298633,1
1047172,9
1792508,6
2560094,3
1089444,9
590409,5
118110,20
589865,11
2580412,16
1911929,1
1886807,3
2048778,1
1985181,1
1791,14
2100764,9
2631116,4
347495,5
1610833,1
1458461,10
622759,3
930169,9
1442,9
754070,2
391595,8
134601,2
292,9
265883,3
1822464,9
28047,9
1316409,5
1122214,5
424182,3
347255,5
864564,8
54077,7
2675225,12
759620,21
179237,1
428406,7
392734,7
2590015,14
2500152,4
372461,24
1069220,3
32011,12
2493670,3
2528037,18
356322,30
68249,10
2067415,7
1151116,6
302485,5
1412875,1
1835721,14
1162290,3
1865,2
1744,6
1352356,2
1814290,13
2109688,19
553510,12
589382,7
249265,3
675635,7
1126,12
2060726,5
2652443,11
2654547,5
1452540,2
529884,4
491952,19
452638,7
32612,1
1808979,24
312306,9
76114,3
2304594,8
1434108,9
1073996,7
32022,5
431943,4
12643,1
2493676,3
445700,1
766041,10
70803,3
2653200,21
10242,10
914153,19
1940555,6
762570,4
80866,7
2528024,11
156889,5
1305849,1
1704307,4
452637,15
446462,1
1795043,12
1499392,3
1476886,4
2509458,12
1701814,4
882090,2
156978,3
2501295,5
46021,4
930806,12
1385727,1
743720,8
1848255,4
38012,4
1577685,7
999883,4
860235,12
1316414,6
125287,1
1437874,7
2026188,2
644282,10
67780,10
2079791,3
1046624,12
522,4
60847,6
1885,14
1765967,8
179,8
135575,10
1128071,2
2528028,8
1736226,14
1931095,2
479978,7
1048245,1
1077935,7
1516059,8
1447062,9
1296669,5
2483033,15
882081,6
93217,7
1182571,5
926567,5
319706,10
39960,7
2586643,9
1389011,7
2056494,11
1560345,8
1265350,11
573370,14
2592655,14
694430,4
472181,11
1917232,2
1367477,27
2587844,9
490899,4
32049,3
78541,4
521096,9
1842533,4
307467,3
204669,6
10663,8
1637999,6
901,8
1534348,9
396595,4
1094,10
1679444,13
2126069,5
444612,5
1415657,13
54262,13
83889,19
325776,1
85655,2
526973,33
565651,3
33057,2
1646377,23
568816,4
657387,12
1922532,1
146785,4
1327971,2
1842539,7
536453,5
1427368,1
2006110,12
311228,2
2508168,6
386911,5
1038922,14
98804,8
179879,4
1921704,3
1653478,4
1090615,4
2211210,9
316067,19
1365176,11
1769779,7
1874061,7
1724,7
626774,32
946334,14
1319510,6
562970,8
33055,6
543913,6
398694,5
160796,3
33938,9
399320,2
91741,1
663952,6
2493671,6
696127,11
471857,6
2202826,7
1110509,15
1224164,13
880072,11
687803,3
692370,9
1325095,7
2527996,10
1647386,3
2010317,1
1486472,2
1911685,5
869816,6
256994,1
1464778,1
2260,2
300019,1
662755,5
454798,1
2492837,3
637914,5
2083284,6
135246,1
297361,3
1759437,5
56448,2
582702,7
479831,1
34072,6
317858,4
768700,5
1973479,1
471854,25
33014,4
1340847,8
2600159,4
2315253,10
655183,9
57477,1
149539,2
2527982,14
1408268,2
2563602,1
355246,1
1844971,9
1922730,1
84096,1
204039,11
1333523,10
10685,1
352,1
2493669,8
399804,3
2030923,1
115561,10
1198232,4
375286,7
2650975,4
268739,6
2565554,2
2042057,16
56956,5
1093099,1
1663209,1
36831,12
1636618,5
1923003,2
1388750,5
1312369,2
798072,1
1004901,5
682634,4
1936269,1
1159327,2
844,7
2614639,8
682998,4
2607663,9
266940,10
171101,3
927703,3
1971488,8
431946,2
1573719,4
1004788,6
930805,2
29491,3
251221,8
1896196,6
298654,19
76052,2
1042877,12
1634516,5
1401,19
2582419,8
1150461,8
498761,13
1835254,12
33899,10
412384,7
227292,2
1155096,8
189918,5
161493,1
218496,1
91352,7
1667168,2
138119,18
1806905,8
568814,2
1416914,1
419610,1
2336,6
1222034,5
84292,4
1191062,5
1891675,11
298653,4
1906742,4
59814,14
178306,8
1285583,7
1257079,5
2561924,3
342113,8
50340,5
1796992,2
34008,1
391774,2
60519,15
1938841,10
441500,5
316055,7
222543,1
1229752,3
2051957,2
2041,13
1732178,1
86665,31
683082,7
420246,4
1983111,4
1881061,7
182709,10
1104326,11
1793,12
408,6
1538158,5
237609,7
169427,6
78245,8
391623,7
2548456,11
120107,5
526227,5
1470434,19
2067957,16
374606,5
2587851,6
392499,7
50719,13
2242,2
96901,7
316056,3
988812,4
413496,14
562019,1
1852625,1
759913,3
1703969,2
2560132,6
1183379,3
146827,7
321,4
406984,2
1682113,7
2583530,3
2587842,8
375,11
59739,1
1149952,1
31711,1
1392877,8
1434120,10
864051,13
177439,27
1054217,4
2251,6
640512,4
192812,7
323097,6
57480,6
2496867,9
1324932,2
546874,6
716541,2
1605891,12
1049583,8
391905,8
1532905,22
254945,16
1873959,1
2231055,9
1806891,7
712270,3
2681308,2
84110,8
1435974,1
1295826,7
2589074,10
465541,9
28447,4
629295,8
1289591,1
2077147,7
68895,18
28026,2
153948,12
1758178,3
697581,4
1850250,3
1513890,8
1985303,4
244734,6
1224749,1
481145,2
2136172,5
656179,7
768679,7
712898,7
1242088,5
1157947,1
1297742,17
10506,7
1048758,6
1940612,6
1216962,16
768738,2
935590,1
31989,17
2203895,4
1781,7
2507582,8
149388,7
1758689,9
477245,7
2488560,6
2579791,6
1903410,2
323848,7
264198,18
368407,6
638303,5
2041212,1
2564436,5
2282523,6
2527979,12
79700,6
665577,5
2594789,21
1408186,4
1930546,8
74329,4
157920,6
743713,10
1748,4
170617,2
1227,3
455432,12
1573712,7
1499686,3
1866885,4
2058657,6
1237085,26
2493681,7
1434117,2
998086,6
663959,1
146923,7
43767,1
1747,13
257493,1
120793,6
255719,15
394,10
1643826,8
1636609,4
196164,19
2566012,4
764595,1
1382922,4
310769,5
2698804,4
481743,14
146825,2
1457250,1
2282124,1
1050219,2
1346611,7
983917,8
113604,1
644652,4
1234171,1
43990,8
633147,12
1293539,7
74030,8
55779,9
1208324,7
102608,1
1399115,6
2080757,7
1591088,14
2565555,7
1129,7
2487928,11
183924,3
2492396,8
2609255,3
471853,10
1076596,13
2161816,10
323098,3
1620507,1
407217,6
187303,3
1274,4
126740,4
2201350,4
376489,7
1561705,1
1649,1
1699623,17
880158,3
1263829,3
10724,1
2100419,4
658630,7
38347,2
572477,5
1560342,4
196023,6
227941,12
1431546,15
1915310,1
1294143,5
1218933,8
1746065,1
2048008,3
337243,4
438753,8
39692,5
80868,4
2698679,8
1050107,4
2642485,3
622681,2
1923113,2
40059,1
2632435,10
1546177,1
441620,3
2487892,3
1812934,1
320884,1
169669,5
1105112,3
293389,1
1579316,8
1500734,1
1545702,15
42256,3
228410,9
291272,8
1196022,10
487909,4
1697349,1
1586714,3
32604,2
1434114,3
869211,7
68179,6
1349785,13
50290,1
269660,8
1435045,6
1234369,2
359110,11
391896,7
1301032,4
1242245,5
430606,4
277988,4
1633874,3
323284,10
2448483,7
1357289,2
2025876,10
1226968,9
1435056,1
765765,5
1249668,3
1962671,5
527032,13
401619,16
2518371,7
1260251,3
2493675,5
2675216,11
68347,3
1561023,3
1842540,10
866790,2
1580580,1
2592652,5
299583,10
1816604,2
1923118,2
1889813,13
1182568,4
1448274,3
1349409,8
571800,12
1920865,1
887061,2
1884907,7
1338518,1
526984,4
33708,1
463014,11
2546351,7
563835,6
152263,5
1972134,6
313624,2
768486,5
1494608,13
1402135,11
1892,7
1774373,5
261654,11
1922905,1
58094,1
2594005,16
1930532,6
710696,2
33989,13
35718,2
1918010,5
1052095,1
1261556,12
1923533,1
545,14
1938606,7
2647522,1
640511,8
1586713,1
69373,2
1914541,2
265570,11
161895,5
1401243,1
1094714,7
697284,1
2552766,11
2617802,1
2566013,9
1848517,2
980422,2
1176533,7
1486426,1
1922992,2
526977,4
592022,9
2654238,2
2742,3
1408137,2
2527992,2
257438,2
810,9
2500532,2
1691954,4
936152,2
1707785,6
2528642,12
1434191,8
34004,3
28231,6
29442,10
904291,8
2592351,5
558173,3
2070180,1
1333534,22
471852,7
1218356,1
1300227,3
434271,2
1202536,1
156976,4
291183,5
1332075,15
1306993,3
1426844,2
1720495,3
545612,12
456163,1
1923746,1
282217,4
1980139,2
2571748,7
2609258,6
2079575,5
379066,7
416591,9
1328030,2
872331,6
1159195,1
1702325,5
1881016,5
388396,13
862719,5
39664,18
2664893,1
72274,4
273035,11
2284,3
186807,4
265960,7
114292,14
199592,3
1746074,1
2175688,1
373996,2
641491,10
374833,8
2133,18
1465751,3
1761895,1
2587855,7
1457031,5
1670831,9
73010,8
768065,5
1328306,1
13689,2
1415784,1
59920,8
470076,6
1897497,1
702113,14
183795,1
1202539,2
596154,2
186541,1
1401256,1
2683590,10
693985,2
1225780,2
2249310,1
198107,8
2587846,4
119856,3
1775,7
2419774,16
1641402,3
865867,1
2626549,17
2108445,10
194963,6
1155384,4
452662,2
308754,5
6033,1
698828,8
1447716,2
1642299,1
36853,4
1395589,4
871584,2
1458848,3
82983,11
316058,3
1136497,8
2014742,4
1348662,13
79929,1
10514,1
1550728,7
1345661,2
937777,11
1132497,1
1795053,8
2591145,9
2593973,6
1922664,1
1147129,5
1117647,7
83684,3
10390,3
857417,5
2644629,2
1074000,3
1550518,1
190148,3
2603820,9
48665,4
1458857,1
257482,2
10288,11
10464,3
1972068,4
1248439,7
107637,7
29574,3
1578828,2
437900,14
1130829,1
1300342,9
69527,5
2033032,4
1223573,1
1327635,4
658643,1
1972757,2
290399,10
370777,4
755307,5
765964,1
2603296,5
1161939,1
1006581,3
240015,6
673860,18
2126319,15
272626,1
2315806,3
622,11
1158459,7
60548,3
376,4
1903409,7
2044467,14
1980428,3
1630693,4
1343071,8
130309,3
1400867,4
1220595,1
2282310,3
1105114,2
1423138,1
100225,8
207559,10
2663019,4
504090,1
186818,5
582744,12
10398,1
2651334,5
1560313,6
423212,1
91844,9
1450527,5
267128,3
1301280,5
1302863,1
1296536,4
2025949,11
2528007,13
1242106,1
1917158,5
43659,6
2094023,4
889956,1
1813599,7
2599296,5
869662,1
227470,1
337191,2
1961362,2
265976,4
1266925,8
2201356,12
1118379,4
758782,7
1658665,7
2663121,4
306537,6
1549858,5
192954,2
1041930,4
42197,6
1898684,7
211968,1
2052938,3
2617991,2
1298881,8
2565781,8
698968,3
1078471,5
1883371,1
2109687,5
525146,3
2587854,4
1415568,4
1332080,5
148942,9
1275971,7
122,5
990721,1
1982243,1
469383,6
1352936,9
515393,8
1421430,4
1286181,4
645127,3
2211211,3
1136941,8
2609250,3
1453496,2
2022783,1
1647,11
1193806,2
283494,1
32024,8
1398491,1
758847,2
2611147,2
1923367,1
1234367,1
1335053,1
453304,6
2610895,8
235627,4
101510,5
279303,2
350058,9
32012,6
667120,3
405440,3
2184083,1
674079,7
361183,8
1327989,5
488732,1
85021,5
262719,2
340102,2
1128330,3
265311,3
441772,1
10942,1
1397108,3
1390395,3
290028,1
33993,2
269484,3
196814,1
669357,10
129817,6
2080759,1
2183911,3
227882,8
311424,2
1206557,1
1427366,5
196895,3
272568,8
332054,1
180230,5
2609257,7
543939,1
2587868,2
1223571,3
1679096,3
1798223,11
197221,1
1779382,4
1747288,1
765698,2
556,5
717785,4
200451,4
1293540,8
11250,2
2172,1
1079,5
1560339,3
150203,8
1150991,2
1444770,9
1338034,2
1141663,7
626,3
1224163,8
1198140,4
979556,11
319017,2
10265,5
1127122,2
1155071,3
218491,4
629680,4
1916,2
1778540,6
695560,4
1243578,2
2619674,1
587851,1
41276,4
181084,1
395960,3
645517,3
396588,12
10353,1
194924,5
1122247,6
2603277,5
305674,6
527029,2
1987479,1
1403338,7
85017,2
1457386,1
76802,3
1678234,1
290338,1
557598,1
1173280,1
34067,15
2015795,2
702114,5
1131462,2
1630135,8
43771,4
494603,8
1458842,1
1842536,3
12063,1
119065,1
1981174,5
1028800,5
1637862,3
1375,3
1961713,5
407020,3
171865,11
1282995,2
690850,6
1443893,5
1163748,5
1431547,1
10484,4
1458860,5
1972133,5
273350,1
1327981,2
10699,5
72294,4
1183400,4
309801,4
1036672,11
1217420,3
2605945,3
326425,6
2259,1
941639,9
1173297,5
2662028,2
1758179,2
1922352,2
1176422,1
1897729,4
94122,12
2487929,6
29397,2
2708301,10
2058396,3
12345,1
653045,6
1202538,1
1914165,1
2480625,5
2692756,11
36363,3
272569,2
2639302,4
2518599,8
47929,4
12049,1
2170729,5
12253,1
140052,1
2615021,1
359919,4
2610897,1
330734,7
565537,1
272567,2
518635,1
1525173,1
2483799,9
555217,4
187304,4
10454,2
158823,11
2021862,7
1163617,11
1396826,9
11572,1
1185652,6
242231,1
160660,13
10456,1
1133849,2
288,2
58050,6
1658671,8
1792222,1
426118,1
2070057,1
1303692,6
120045,7
93064,3
1920988,1
1982375,1
368408,7
936154,3
1913650,1
582899,6
67258,4
633148,9
2640874,5
1922892,1
133,2
166314,8
2133959,8
195522,3
367477,5
859655,5
134394,7
2666127,9
2594461,1
1434121,3
2093857,2
176102,10
869210,6
2660750,3
2489213,12
2157,2
2527988,7
1508220,1
1851,1
445696,3
35760,1
715989,7
648996,11
186804,7
1457195,1
10273,3
2615204,1
2692233,8
931209,1
2632610,3
1042876,1
80865,14
1242091,3
28025,7
639200,6
1348660,1
2627091,2
5139,2
1096997,1
2591633,8
1569054,3
2005468,3
1710356,1
100901,3
11855,1
2419771,2
1573458,1
1650658,4
93386,1
1132503,2
2684926,2
1335613,6
334542,2
563041,1
1446494,2
1437875,4
1921558,3
196816,2
338187,7
630515,6
67572,1
28221,7
204507,6
1978566,10
1116482,2
2023229,5
1807790,2
76892,2
2217913,1
629260,1
714359,6
2072414,4
2016361,5
453591,6
2059875,3
2047868,1
33926,2
1439894,2
990288,2
85015,4
1788434,2
2714109,7
2630295,3
453783,7
169765,4
38432,3
2675754,8
347256,2
471223,4
69014,2
2047871,2
443906,1
393599,1
511745,4
2527995,4
1093787,1
2175867,1
1699095,2
1737359,3
405535,3
32052,6
1804986,9
2621467,6
2604537,10
1223802,7
218495,3
1173762,3
571913,7
2206,3
2489212,6
1749259,9
215743,1
1605972,5
1401669,2
1503055,1
795797,3
80880,5
90245,7
109232,2
358220,16
49118,7
1162668,10
1300347,6
1968541,1
1159491,4
1495638,2
754035,5
86040,1
272635,3
187420,9
2648499,4
271881,4
1127134,8
745377,5
760011,4
76869,1
716546,1
79328,4
1542498,1
469602,8
754038,4
170325,3
1322246,10
190192,2
2099444,2
2057187,4
1168479,2
1566993,1
176106,1
626939,10
47877,1
1868589,4
1981499,2
47865,5
722417,2
1188319,3
81850,2
212035,7
1417985,1
69576,3
1049283,3
379684,7
2487345,5
342409,3
2039870,7
1446489,1
74033,6
2054915,2
529120,5
1231624,6
1298971,1
2289,6
186764,2
113366,2
2033869,7
338215,6
1437881,2
53458,6
886882,10
1526408,1
1201294,4
1500713,3
339,6
29410,2
1922651,1
126738,1
314285,9
515444,1
2077182,3
627479,2
29284,4
1239783,9
2630326,2
59205,4
702453,2
488545,17
1783270,3
2080419,9
913848,4
1244529,1
2203210,6
75385,6
1200352,6
2603598,4
2420306,2
53358,11
223344,1
147452,2
320497,4
1871022,8
2594473,4
700939,1
52604,1
1649480,2
632772,4
45768,1
136098,3
1623689,2
323,1
202907,2
439375,1
1930277,3
1696072,2
767456,2
1149953,4
1138308,1
502682,9
1210884,7
508767,2
1623305,3
2498704,4
2583588,1
1327990,3
1163741,1
47880,1
359385,3
2423,4
679318,4
1458426,3
537457,4
526970,3
1263550,3
1354240,1
914,5
754345,1
1346614,1
1863009,2
1416806,8
1032066,7
1689,4
131112,9
11318,1
1198013,2
741091,4
1569,3
161896,5
521007,2
1804624,3
2045202,2
1522758,5
2072413,1
1331682,3
2613784,4
1048207,1
1159613,4
1234679,7
1392507,5
1529056,3
1138383,1
1623275,4
11795,1
1298,7
512566,2
1082931,3
42683,3
257496,1
1385591,3
84565,5
2107713,1
1852022,3
419435,3
1124983,2
444597,2
767462,2
114430,1
1440052,1
1922879,1
1812480,9
1432060,2
2059380,2
1732201,2
402882,5
434924,2
2692757,5
1911102,1
196869,2
588932,6
2420313,1
1902245,7
447897,2
79206,1
1714377,1
1527519,2
135616,5
2267618,3
1388758,2
186823,1
1307956,2
556325,4
1563660,2
1354302,8
56460,5
320432,1
394935,3
188763,1
11290,1
637389,2
1178541,6
38300,6
491077,3
2035708,6
637909,1
2479547,7
1827300,3
1750712,1
114529,2
1934254,2
363952,4
1445809,1
90105,2
2615202,5
1327972,2
335659,1
1792032,2
1408224,3
2279,1
1224162,4
2626865,1
1573711,6
2597659,1
31964,4
445686,3
942513,10
187218,2
1653,7
380433,2
31957,4
1920109,1
1134435,5
754075,1
1240471,7
2676309,1
546160,4
452863,5
1029988,1
292691,7
1758730,2
2060084,2
395492,3
2697569,7
1720526,4
377315,2
2509455,2
76761,4
2048898,4
411555,1
862964,3
1007869,1
2169532,1
1206777,2
316278,5
1208308,1
867900,4
340907,1
129394,4
556053,5
1273709,1
1792192,2
1192162,4
2420135,2
1883379,1
1116231,2
1194154,3
41170,3
314724,2
1491491,1
162426,4
1540092,1
84999,1
1078904,1
204434,1
958,2
1756993,3
28288,1
1592576,2
1837876,3
406552,1
321984,9
10690,2
2033435,4
1649877,6
10385,2
1324959,5
590652,4
1081646,5
1838084,1
1933912,2
53376,7
159144,2
406548,12
351746,2
1187128,1
875171,4
1931407,1
739141,1
290339,2
1100043,2
1891758,1
388452,4
2605946,3
1826864,1
89373,1
56453,7
1262462,2
1987356,3
1219067,5
1340810,2
1918540,3
640510,2
699186,3
2590777,1
116188,9
1513458,4
2338327,3
912630,2
754477,4
1535962,5
10814,1
2073078,3
2066049,3
1497848,3
1088719,4
154,2
318845,1
60552,3
1313295,7
2282206,2
644283,2
1720498,1
1662285,10
1167634,1
80811,2
399739,2
351054,2
1649184,4
2591635,1
418699,2
1866325,2
1555208,1
676210,1
2594455,4
653733,5
1223567,5
1423732,2
318683,8
1215088,2
1585,7
1208918,2
1567014,1
318835,1
2320867,6
2014534,4
1262350,2
394221,2
2737,1
186539,1
1262533,2
1158600,3
2594459,3
399736,4
1567027,2
2233851,1
1469502,6
1920107,1
1177180,1
134623,2
797303,4
903510,6
1532023,6
2005884,5
1920753,3
165696,2
2620435,4
72000,3
1290427,1
2033438,3
1763524,1
1091046,1
489830,5
2018500,1
202746,3
1294273,3
1227812,1
129950,1
1622024,1
2657482,1
1563222,2
2217832,6
1400868,2
298338,2
797302,1
748671,3
743525,2
28253,1
2169400,7
979982,1
1048396,1
1922587,1
1423823,1
123812,4
2590774,4
85025,2
1921709,1
105219,8
1981880,4
762633,1
1923743,1
1922711,1
115545,2
416269,2
545693,5
1173288,3
154334,1
33074,4
2184581,2
2609254,1
191291,3
1643685,5
65958,3
869304,1
307461,1
1702170,3
146017,3
526981,3
1859492,2
2282309,4
2053078,2
696406,1
370764,3
2079535,4
1132496,3
39689,3
1761016,9
366394,7
307164,2
1555202,3
561501,1
1381115,2
1272959,1
56947,1
114615,6
273133,2
479437,2
434008,5
425944,3
4930,2
2008440,5
2585717,5
1755694,1
115981,1
630129,2
2184,1
11642,1
39688,7
54006,4
1664809,2
940295,4
222891,3
688699,1
192087,2
330214,2
265877,1
1228997,1
1654883,3
1552735,2
699035,3
2699395,4
1399942,1
1394180,2
1654927,2
176280,3
1454607,1
188709,1
1932360,2
1420599,1
1246305,2
2709781,2
158683,2
12280,1
1235834,3
1514896,1
565034,3
10271,3
2589080,8
1923976,1
192584,2
290318,3
1980937,2
936156,1
136841,2
1108,4
53707,1
568704,1
1389489,2
2528243,6
71030,1
1163709,1
351745,5
873447,5
227388,3
321332,4
650377,4
1461743,1
347834,1
28070,2
38302,2
150123,3
1857889,5
165779,1
176,2
1309411,3
1960084,2
1476754,3
1809,1
2033633,2
32603,7
595536,3
1440,2
1783257,2
10509,1
384676,6
1962501,2
658644,2
1190567,1
2108201,1
664255,1
2576356,2
1287066,1
1163743,1
2267679,1
2598455,3
176299,2
2664899,1
945021,3
660596,1
2615035,1
649777,2
28892,5
1215087,2
278153,1
1170318,3
685039,2
1160968,1
2576406,1
1984788,1
12417,1
1075399,5
185642,4
616674,1
1922573,2
743299,11
891974,3
1055531,1
2609253,2
206662,1
137443,2
418223,2
2527993,5
459845,1
2633570,1
2488567,3
1081940,4
382262,1
565575,1
106331,1
1190451,4
47421,2
1054834,3
511062,5
570935,2
1235461,1
2100422,4
2175864,6
1608121,1
644801,2
1391428,1
1579979,2
2624793,4
2077136,2
2268024,4
1214230,1
1719140,1
331111,1
760939,1
861561,1
42253,4
1214915,2
1920114,2
2547962,1
1476577,3
2202149,3
545776,4
1051973,1
34019,3
1667587,3
2592654,3
1770,1
1608310,1
75379,2
1224149,1
28874,7
1817,3
390236,1
2303750,2
2093834,2
415426,1
1930273,3
981539,1
244050,1
32003,1
693997,1
1983552,1
78344,5
1774743,2
262728,1
1819301,1
1123519,6
1852640,1
2341112,5
1905847,4
191412,1
2048978,2
2614947,1
1701837,4
656178,6
1921407,3
69578,1
2072209,3
1738638,1
130556,1
285013,1
2571749,4
1783234,1
1777491,1
61434,5
159151,1
630588,2
1486658,3
243275,2
1785753,2
444103,6
2005047,1
1046625,1
2592353,4
2508306,3
35290,1
1982897,1
1329200,1
181082,1
1343077,1
2560058,1
2619833,1
1541825,1
1386087,1
447217,3
2433,1
2683680,2
292278,1
302912,3
74660,1
864596,1
761659,1
435998,2
745156,1
12814,2
1923445,1
1935379,2
1826170,2
444157,3
881953,2
1815522,3
1561226,1
1213588,1
2587869,2
1759059,3
1846259,2
421012,1
1055532,2
2211160,2
345585,2
345201,2
889338,1
1970189,1
1073999,2
1150989,1
160,1
442,5
348826,2
434014,2
208013,1
102684,1
64667,1
2613839,1
1920883,4
152177,1
111874,3
2615210,1
1161927,2
2580515,4
1964449,2
491003,1
931281,2
1634381,1
2434,1
2622126,2
1205676,1
75,2
1156769,2
1895333,1
1718606,1
2518980,4
1592335,1
1009464,3
1606498,1
1922243,2
2079806,4
356862,1
683735,1
2169643,2
1564114,5
1442136,2
2027354,1
1814960,3
1458843,3
1827481,2
473423,3
523844,2
1795874,4
329,1
1815986,1
1055529,1
1843491,4
2267560,3
135720,1
273358,2
61651,2
1561150,1
1195072,2
1351735,2
907240,2
1445810,1
2698682,1
1118964,1
55744,1
40540,1
1005042,4
1981500,1
882096,1
261827,1
555778,3
293,5
1923332,1
1712571,1
526974,1
1853231,1
264199,1
2035399,1
1912143,2
1368616,1
1105113,1
399781,1
1300253,2
2054902,1
68295,2
1233488,2
1330521,2
523796,1
111167,2
29271,2
249151,3
1207504,2
216594,1
2528008,4
861365,1
1858609,1
1304890,3
1833,1
685727,1
558314,1
1389713,4
1524910,1
10245,1
1778262,2
1272957,1
10621,1
2069256,1
935591,1
28144,2
468,4
39694,2
1038856,6
434922,2
570508,1
1940690,5
1479019,2
1291540,2
195248,2
766791,1
1987360,1
203119,2
66692,1
693999,1
1896164,4
1914852,2
1592097,1
631220,1
881621,1
2072024,3
1243584,1
1623302,1
1353016,1
86185,6
1562,2
444859,2
106634,2
72763,1
2599399,1
1176736,1
228405,4
2093276,1
753084,1
1327956,1
1923889,1
882944,1
1804,3
648998,1
1411902,1
1194971,2
1773,2
134813,1
10266,1
2237,4
1796997,3
1493510,1
1458425,1
260372,1
399599,2
2183,1
665032,1
1202537,2
1923726,1
1118963,2
984892,2
1589270,2
2067572,1
1036673,5
104388,1
279006,1
1243612,2
398578,3
940557,1
413503,3
1038921,1
1637869,2
387344,2
85009,1
1663210,1
1305708,1
196024,4
1690672,2
1572716,1
547043,1
2072412,2
130499,1
1259844,1
2008765,1
1647470,3
1498212,2
981540,3
1547899,1
1449093,2
1004952,3
997761,3
1572704,2
638660,2
698486,1
1211705,2
40137,2
879090,1
442694,2
64003,2
1922359,2
1923250,1
1608141,1
196834,3
1640885,3
1982658,1
180434,1
1698524,1
265293,2
2083053,1
317655,2
1583341,3
243365,2
1702250,5
1179670,1
930782,1
1029983,2
1144888,4
85693,1
264462,1
1273266,1
698737,1
1217821,1
1296656,1
2202142,1
376849,1
1283071,2
794851,1
650121,1
11086,1
440085,1
1632780,1
396513,1
1437877,3
62928,1
91740,1
33706,1
161494,2
765962,1
56454,1
42630,1
92644,1
693986,1
59376,1
28209,1
416348,2
1980431,2
1519788,3
2093275,1
1481186,1
590647,1
449447,3
1330070,1
1313293,1
1449752,3
1470540,1
519497,2
92521,2
262968,1
1434106,1
1572712,4
1586712,2
1977392,1
1436889,2
763057,1
170187,1
2697371,1
2182384,1
1839,1
278137,2
392504,1
2587847,2
2049444,1
333849,1
31953,1
1429794,2
1546149,4
2606912,3
2077149,1
1408176,1
1844051,1
1136179,1
584721,1
68,3
2614913,2
1157948,2
1727214,2
2236,2
1240483,1
866346,1
1882749,4
208973,1
1871692,1
1293576,1
330398,1
1217810,1
1608048,1
526982,3
2527998,6
999552,4
2018067,2
1218357,1
1691958,2
2665175,1
2083055,1
663237,2
2250215,2
1238455,1
1123863,3
2666185,1
766,2
604162,2
447606,1
2583824,4
591167,2
39645,2
2169991,1
857312,1
874272,2
1407647,3
992186,1
2620175,1
1815582,2
1912215,1
1262535,1
2083051,1
329156,1
860228,6
168807,1
1183378,2
1592728,1
346882,1
1922531,1
1854,3
469382,2
399,1
538,2
10386,1
994601,2
1629666,1
1839801,1
691437,1
1192842,2
691965,2
28873,2
2016453,2
1117943,2
869216,1
1486423,2
2054179,1
271108,1
147375,3
68298,1
465721,2
1243591,3
36866,1
1313290,1
1141141,1
198628,3
81682,1
1914850,1
2560111,1
2572921,2
1827305,1
1173273,2
543371,3
1437000,1
754037,1
743718,3
1434319,3
46015,1
47714,2
693970,1
1906951,1
136846,2
1857845,1
1520002,1
373126,1
1743,1
35243,1
1564096,1
1242087,1
1608139,2
585538,1
687342,1
256319,2
2268125,1
92682,1
1357287,1
2560160,2
1340495,2
363569,1
1589265,1
31,1
2572089,2
1923444,1
11620,1
1300165,2
2169583,1
221065,2
1276282,1
2025360,1
204038,2
340146,3
130371,1
2494563,1
523831,1
866344,1
46254,1
89471,1
1388,3
2129,1
1923631,1
1403336,3
1288313,1
2041354,1
1871153,2
203683,1
12348,1
1608109,1
1544364,1
1980426,1
232800,1
1920698,1
335929,2
2340870,1
925775,1
1701811,1
1637837,2
488729,1
1805956,1
1386004,1
765963,1
764562,1
2654326,1
2040586,1
1402210,1
149391,1
1792245,1
2592817,1
2035811,1
106633,1
756272,1
1316410,1
146015,1
40070,1
1202540,1
98360,1
2588707,1
1772303,1
345198,1
51677,1
1922889,1
315749,1
11970,1
2182,1
637380,3
406425,1
1116391,3
909954,1
1113728,1
1267753,2
334380,1
28152,3
381754,1
1136880,1
1204521,1
441162,1
263004,1
1293592,1
374982,1
10282,1
490711,1
1980486,1
85012,1
1288484,2
1451050,1
1241935,1
1150460,1
1536605,2
2004,1
619591,1
1707,1
1226298,1
1432061,1
427318,1
50292,1
1434103,2
11246,2
2202141,2
113,1
1395570,2
1078773,1
698487,1
267890,1
2698900,1
1283076,2
2008793,1
272751,1
345219,1
1806636,2
376219,4
1421338,3
260149,2
2560214,1
641487,1
51313,2
742013,2
1846169,2
643132,1
1513278,1
1282356,2
11764,1
35314,1
2364272,1
1732174,1
794846,1
1005041,1
1239381,1
1006579,2
1075089,1
694008,1
1408283,2
1273740,1
195056,1
1126885,1
1225179,2
1923690,1
1504288,1
28289,2
2560128,2
314315,1
47850,1
229193,1
1827146,1
1839798,1
1035817,1
301297,1
487213,1
535712,2
204711,1
5268,1
1423833,1
1890426,2
10372,1
1150601,2
1923564,1
2633465,2
150286,1
367682,1
204441,1
262727,1
390874,2
1982899,1
370623,1
2681605,1
1321940,1
1983593,1
69929,1
309800,3
1218177,1
47251,2
1965306,1
343,3
880162,1
909929,1
1685737,1
58712,1
333769,1
1380432,1
1262515,1
1327985,1
2560139,1
1281456,1
1327993,1
129951,1
238800,1
190478,2
2083052,2
2162846,1
1094715,1
2005055,1
1922658,2
445684,1
1136534,1
1346765,1
2052563,1
263793,1
434131,1
4890,1
264451,1
199201,1
1923089,1
1328866,1
58096,1
1746069,1
2083054,1
1914851,1
696749,1
175567,1
1543205,1
33170,1
1567011,1
473426,1
2099652,1
12777,1
227507,1
1455592,1
2299,1
1923536,1
666145,1
1923769,1
93133,1
213585,1
1111678,1
1052121,1
1552661,1
416276,1
1416741,1
455488,2
945556,1
1923268,1
1458852,1
2615069,1
85013,1
213119,1
38504,1
1986950,1
620,1
180903,1
29459,1
2496545,1
666685,1
1458716,2
281090,1
1623295,1
431317,1
273135,1
1493512,1
1300254,1
2690380,1
2071627,1
1495866,2
203120,1
2005388,3
2565914,1
103721,1
488221,1
2070347,1
1856565,1
244589,1
1436725,1
755272,1
1055528,1
1986290,1
746543,1
2630922,1
862969,1
268747,1
1312872,1
2006941,1
215689,1
401618,1
69541,1
1385940,1
1847,1
40012,1
168238,1
445688,1
1892259,1
1187894,1
937773,1
1965384,1
1172562,1
1608075,1
1321945,1
1335230,1
245188,1
66266,1
2235,1
12232,1
1131483,1
1041527,1
171550,1
687376,1
1243595,1
1432848,1
28890,1
1567029,1
1406783,1
1198137,1
936139,1
53460,1
1894,1
110456,1
1331042,1
1968887,1
100887,1
322019,1
2024724,1
198110,2
